plot id,SPECIES,Tree,DBH_17 (inches),DBH_24,HT_17,HT_24,LLC_17,HCB_24,LLC_24,NOTES,CONDITON
C1,AB,6302,,1.6,,,,,,,10
C1,AB,9202,,1.5,,,,,,,10
C1,BF,22,1.5,1.8,3.3,,1.5,,,,1
C1,BF,35,2.3,2.9,4.8,,1.2,,,,1
C1,BF,50,1.5,2,3.6,,1.5,,,,1
C1,BF,60,2.9,3.7,6.2,,1.1,,,,1
C1,BF,601,,2.2,,,,,,,10
C1,BF,1302,,4,,,,,,,10
C1,BF,1402,,1.6,,,,,,,10
C1,BF,1602,,1.7,,,,,,,10
C1,BF,1902,,1.7,,,,,,,10
C1,BF,2102,,1.6,,,,,,,10
C1,BF,2202,,1.6,,,,,,,10
C1,BF,2402,,2.3,,,,,,,10
C1,BF,2702,,2.1,,,,,,,10
C1,BF,3202,,2.1,,,,,,,10
C1,BF,4502,,2.7,,,,,,,10
C1,BF,4602,,2.1,,,,,,,10
C1,BF,4702,,2,,,,,,,10
C1,BF,4902,,1.5,,,,,,,10
C1,BF,5202,,1.8,,,,,,,10
C1,BF,5402,,1.7,,,,,,,10
C1,BF,6402,,2.4,,,,,,,10
C1,BF,6702,,1.6,,,,,,,10
C1,BF,9402,,1.5,,,,,,,10
C1,BT,98,1.1,3.6,6.3,,4.2,,,,1
C1,HH,3102,,1.5,,,,,,,10
C1,PB,1,0,,,,,,,dead,4
C1,PB,10,1.6,1.9,7.3,,4.6,,,,1
C1,PB,21,0,,,,,,,dead,4
C1,PB,39,0.4,,2.8,,1.3,,,dead,4
C1,PB,59,1.4,1.5,6.7,,4.9,,,,1
C1,PB,88,0,,,,,,,dead,4
C1,PB,99,2.9,3.2,10.3,,5.8,,,,1
C1,PB,100,1.8,1.9,9,,6,,,,1
C1,PB,701,,1.9,,,,,,,10
C1,PB,2502,,2.1,,,,,,,10
C1,PB,4802,,2.7,,,,,,,10
C1,PB,6802,,2.2,,,,,,,10
C1,PB,7902,,1.6,,,,,,,10
C1,PB,9502,,1.6,,,,,,,10
C1,QA,2,0,,,,,,,dead,4
C1,QA,3,4.6,5.1,11.8,,8.5,,,,1
C1,QA,4,5.2,6.6,15,,8.3,,,,1
C1,QA,5,0,,,,,,,dead,4
C1,QA,6,4,5.1,15.9,,10.5,,,,1
C1,QA,7,5.4,6.5,14,,8.6,,,,1
C1,QA,9,3.3,4,11.5,,5.7,,,,1
C1,QA,11,4.8,6.1,15.1,,9.8,,,,1
C1,QA,12,0,,,,,,,dead,4
C1,QA,13,5.2,,15.3,,9.2,,,dead,4
C1,QA,14,3.3,3.8,12.8,,8.6,,,,1
C1,QA,15,3.9,4.3,12.3,,9.6,,,,1
C1,QA,16,2.7,,9,,7.7,,,dead,4
C1,QA,17,4.8,,14.1,,9.3,,,dead,4
C1,QA,18,4.9,6.1,15.6,,10.4,,,,1
C1,QA,19,2.7,3.1,10.2,,8.2,,,,1
C1,QA,20,1.4,1.6,4.3,,3.3,,,,1
C1,QA,23,4.8,5.7,16.9,,9.3,,,,1
C1,QA,25,0,,,,,,,dead,4
C1,QA,26,3.4,3.7,13.7,,10.5,,,,1
C1,QA,27,5.2,5.8,15.6,,9.6,,,,1
C1,QA,28,4.3,5.1,14.7,,8.9,,,,1
C1,QA,30,5.4,6,13.6,,7.3,,,,1
C1,QA,31,5.1,5.9,15.6,,10.8,,,,1
C1,QA,32,6.3,7.4,19,,10.8,,,,1
C1,QA,33,5.4,6.5,18.1,,10.3,,,,1
C1,QA,34,2.6,2.7,10.6,,8.1,,,,1
C1,QA,36,4.4,4.6,15,,9.3,,,,1
C1,QA,37,5.3,5.9,16.5,,9.1,,,,1
C1,QA,38,5.4,6.1,15.4,,7.8,,,,1
C1,QA,40,2.4,2.5,5.9,,4,,,,1
C1,QA,41,0,,,,,,,dead,4
C1,QA,43,3.4,,11.6,,8.7,,,dead,4
C1,QA,44,4.6,5.6,16.6,,9.6,,,,1
C1,QA,45,4.8,5.7,16.6,,9.4,,,,1
C1,QA,46,4.3,,15.7,,7.4,,,dead,4
C1,QA,47,2.2,2.3,10.2,,7.4,,,,1
C1,QA,48,3,3.4,12.2,,8.4,,,,1
C1,QA,49,2.2,,8.8,,6.8,,,dead,4
C1,QA,52,4.5,5.3,18.4,,11.7,,,,1
C1,QA,54,0,,,,,,,dead,4
C1,QA,55,0,,,,,,,dead,4
C1,QA,56,0,,,,,,,dead,4
C1,QA,57,2.9,,10.2,,6.7,,,dead,4
C1,QA,58,2.6,2.6,11.6,,5.9,,,,1
C1,QA,61,0,,,,,,,dead,4
C1,QA,62,3.1,,13.5,,8.5,,,dead,4
C1,QA,63,3,3.1,12.3,,7.9,,,,1
C1,QA,65,4.8,6.1,15.8,,9.6,,,,1
C1,QA,66,4.1,5,14.9,,9.2,,,,1
C1,QA,67,1.8,,10.3,,7.2,,,dead,4
C1,QA,68,4.7,,14.5,,7.1,,,dead,4
C1,QA,69,0,,,,,,,dead,4
C1,QA,70,4.3,4.9,13.4,,8.3,,,,1
C1,QA,71,5,5.6,13.4,,8.4,,,,1
C1,QA,72,0,,,,,,,dead,4
C1,QA,73,4.1,5.2,15,,9.1,,,,1
C1,QA,75,2.9,,12.5,,9,,,dead,4
C1,QA,76,2.5,,8.7,,6.2,,,dead,4
C1,QA,77,2.1,2.2,8.8,,7,,,,1
C1,QA,78,0,,,,,,,dead,4
C1,QA,79,1.5,,7.5,,5,,,dead,4
C1,QA,80,0,,,,,,,dead,4
C1,QA,83,3.3,3.4,12.9,,8.7,,,,1
C1,QA,86,2.6,2.8,10,,7,,,,1
C1,QA,89,1.4,,8.5,,5.4,,,dead,4
C1,QA,93,0,,,,,,,dead,4
C1,QA,94,3.2,3.5,12.9,,9.3,,,,1
C1,QA,97,0,,,,,,,dead,4
C1,QA,401,,5.7,,,,,,,10
C1,QA,501,,5.4,,,,,,,10
C1,QA,801,,5.7,,,,,,,10
C1,QA,901,,6.1,,,,,,,10
C1,QA,1101,,3.4,,,,,,,10
C1,QA,1502,,5.2,,,,,,,10
C1,QA,2002,,4.5,,,,,,,10
C1,QA,2302,,4.4,,,,,,,10
C1,QA,2602,,2.6,,,,,,,10
C1,QA,2802,,3.5,,,,,,,10
C1,QA,3002,,3.2,,,,,,,10
C1,QA,3302,,3.4,,,,,,,10
C1,QA,3402,,5.2,,,,,,,10
C1,QA,3502,,5.8,,,,,,,10
C1,QA,3602,,5.6,,,,,,,10
C1,QA,3702,,5.8,,,,,,,10
C1,QA,3802,,1.8,,,,,,,10
C1,QA,3902,,2.1,,,,,,,10
C1,QA,4002,,4.5,,,,,,,10
C1,QA,4102,,4.2,,,,,,,10
C1,QA,4302,,3.4,,,,,,,10
C1,QA,5002,,3.3,,,,,,,10
C1,QA,5102,,4.4,,,,,,,10
C1,QA,5302,,5,,,,,,,10
C1,QA,5502,,3.1,,,,,,,10
C1,QA,5602,,3,,,,,,,10
C1,QA,6002,,4.2,,,,,,,10
C1,QA,6102,,5.9,,,,,,,10
C1,QA,6502,,4.1,,,,,,,10
C1,QA,6902,,5.3,,,,,,,10
C1,QA,9002,,2.9,,,,,,,10
C1,QA,9102,,3.6,,,,,,,10
C1,QA,9302,,3.8,,,,,,,10
C1,RM,85,4.5,5.1,13.2,,6.7,,,,1
C1,RM,87,3.7,4.3,14.6,,7,,,,1
C1,RM,87,3.4,3.7,13.1,,8.8,,,,1
C1,RM,90,3.3,3.6,12.4,,3.7,,,,1
C1,RM,90,5,5.5,13.2,,7.2,,,,1
C1,RM,90,4.6,5,13.6,,5.8,,,,1
C1,RM,1702,,4.1,,,,,,,10
C1,RM,1802,,3.2,,,,,,,10
C1,RM,5702,,4.1,,,,,,,10
C1,RM,5802,,3.1,,,,,,,10
C1,RM,5902,,2.9,,,,,,,10
C1,RM,7002,,2,,,,,,,10
C1,RM,7102,,3.1,,,,,,,10
C1,RM,7202,,5.1,,,,,,,10
C1,RM,7402,,4,,,,,,,10
C1,RM,7502,,2.6,,,,,,,10
C1,RM,7602,,3.5,,,,,,,10
C1,RM,7702,,2.7,,,,,,,10
C1,RM,7802,,2.5,,,,,,,10
C1,RM,8202,,2.6,,,,,,,10
C1,RM,8302,,3.7,,,,,,,10
C1,RM,8402,,4.2,,,,,,,10
C1,RM,8502,,2.3,,,,,,,10
C1,RM,8602,,4,,,,,,,10
C1,RM,8702,,1.7,,,,,,,10
C1,RO,96,0.8,1.1,4.2,,2.3,,,,1
C1,WA,51,2.1,2.1,8.7,,6.2,,,,1
C1,WA,53,2,2.2,9.9,,7,,,,1
C1,WA,81,2.8,3.2,11.9,,9.2,,,,1
C1,WA,92,2.8,3,11,,7.2,,,,1
C1,WA,1001,,2.1,,,,,,,10
C1,WA,1201,,1.5,,,,,,,10
C1,WA,2902,,2.2,,,,,,,10
C1,WA,4402,,1.5,,,,,,,10
C1,WA,6202,,1.6,,,,,,,10
C1,WA,6602,,1.7,,,,,,,10
C1,WA,8102,,2.9,,,,,,,10
C1,WA,8802,,1.6,,,,,,,10
C1,WA,8902,,3,,,,,,,10
C1,WIL,7302,,1.8,,,,,,,10
C1,YB,4202,,1.6,,,,,,,10
C2,BF,4,2.6,,5.1,,3.7,,,dead,4
C2,BF,11,2.5,2.9,7.2,,4.9,,,,1
C2,BF,16,1.5,,3.3,,2.1,,,dead,4
C2,BF,26,2.9,3.3,7.1,,4.4,,,,1
C2,BF,35,0.8,1.1,,,,,,,1
C2,BF,37,1.2,1.4,3.6,,2.1,,,,1
C2,BF,92,1.5,,,,,,,dead,4
C2,BF,93,0.1,,1.4,,1.2,,,dead,4
C2,BT,1,3.1,,7.9,,6.2,,,dead,4
C2,BT,3,2.7,,8.8,,6.3,,,dead,4
C2,BT,6,3.1,,7.7,,5.8,,,dead,4
C2,BT,7,3.1,4.2,11.8,,8,,,,1
C2,BT,8,2.8,3.8,11,,4.2,,,,1
C2,BT,12,0,,,,,,,dead,4
C2,BT,13,4.5,6.7,12.8,,8,,,,1
C2,BT,14,2.6,,7.8,,5.8,,,dead,4
C2,BT,15,4.6,6.8,17.1,,10.4,,,,1
C2,BT,17,2.3,,10.3,,7.2,,,dead,4
C2,BT,18,2.9,,11.9,,9.1,,,dead,4
C2,BT,19,2.5,,10.9,,7.7,,,dead,4
C2,BT,20,3.5,4.6,14.7,,10,,,,1
C2,BT,21,2.9,3.7,11.4,,7.6,,,,1
C2,BT,23,5.1,7.2,13.9,,8.7,,,,1
C2,BT,24,3.7,4.4,12.3,,8.9,,,,1
C2,BT,25,2.3,,,,,,,dead,4
C2,BT,27,3.5,4.6,12,,7.9,,,,1
C2,BT,28,3.2,,11.3,,8.2,,,dead,4
C2,BT,30,0.7,,2.3,,1.2,,,dead,4
C2,BT,31,2.4,,11.7,,7.9,,,dead,4
C2,BT,32,2.8,,,,,,,dead,4
C2,BT,33,3.3,4.9,12.7,,9.1,,,,1
C2,BT,34,0,,,,,,,dead,4
C2,BT,36,3.9,6,13.9,,9.5,,,,1
C2,BT,38,2.2,,9.5,,6.5,,,dead,4
C2,BT,39,2.3,,10.6,,7.5,,,dead,4
C2,BT,40,3.5,5.1,14.4,,10.9,,,,1
C2,BT,41,2.4,,10.6,,7,,,dead,4
C2,BT,42,2.8,,10.9,,7.7,,,dead,4
C2,BT,44,3.8,5.6,13.2,,8.3,,,,1
C2,BT,46,0,,,,,,,dead,4
C2,BT,47,6.1,8.3,16,,8.3,,,,1
C2,BT,48,0,,10.3,,8.3,,,dead,4
C2,BT,49,0,,,,,,,dead,4
C2,BT,50,3,4.1,14.5,,11.1,,,,1
C2,BT,51,4.8,7.2,15.1,,10.1,,,,1
C2,BT,52,3.8,5.7,12.9,,9.1,,,,1
C2,BT,53,0,,,,,,,dead,4
C2,BT,54,0,,,,,,,dead,4
C2,BT,55,2.7,,,,,,,dead,4
C2,BT,56,4.6,6.4,13.2,,8.8,,,,1
C2,BT,57,1.8,,,,,,,dead,4
C2,BT,58,3.3,,10.4,,8.2,,,dead,4
C2,BT,59,3.1,3.3,11.1,,8.1,,,,1
C2,BT,60,3,3.7,13.3,,9.9,,,,1
C2,BT,61,2.8,3.3,12.1,,9.4,,,,1
C2,BT,62,3.2,4.6,14.1,,9.7,,,,1
C2,BT,63,3.8,,13.5,,10.2,,,dead,4
C2,BT,64,2.1,,,,,,,dead,4
C2,BT,65,0,,,,,,,dead,4
C2,BT,66,2.8,,11,,8.2,,,dead,4
C2,BT,67,0,,,,,,,dead,4
C2,BT,68,4.5,5.7,12.4,,9.2,,,,1
C2,BT,69,2.6,4.5,10,,8.8,,,,1
C2,BT,70,3.7,4.8,13.3,,9.4,,,,1
C2,BT,71,3.2,4.4,12.2,,9.6,,,,1
C2,BT,72,1.9,,,,,,,dead,4
C2,BT,73,3.5,,12.1,,10,,,dead,4
C2,BT,74,2.9,3.6,12.9,,8.6,,,,1
C2,BT,75,3.3,4,10.8,,8.4,,,,1
C2,BT,77,4,4.8,11.5,,8.6,,,,1
C2,BT,78,0,,,,,,,dead,4
C2,BT,79,4.3,5.2,13,,8.8,,,,1
C2,BT,80,4.8,6.6,13.8,,8.5,,,,1
C2,BT,81,4.5,5.7,13.2,,8.8,,,,1
C2,BT,82,3.3,,11.8,,8.7,,,dead,4
C2,BT,83,4.7,6.4,13.9,,9.6,,,,1
C2,BT,84,3.9,5.8,12.7,,8.1,,,,1
C2,BT,85,3.8,4.6,13.2,,9.9,,,,1
C2,BT,86,0,,13,,10.1,,,dead,4
C2,BT,87,3.2,,11.9,,9.5,,,dead,4
C2,BT,88,3.6,5.2,12.9,,9.1,,,,1
C2,BT,89,0,,,,,,,dead,4
C2,BT,90,3.3,4.3,12.2,,9.8,,,,1
C2,BT,91,0,,,,,,,dead,4
C2,BT,94,4.3,6,14.2,,10.2,,,,1
C2,BT,95,1.6,,8.5,,6.4,,,dead,4
C2,BT,96,2.5,,8.6,,6,,,dead,4
C2,BT,97,3.8,,10.3,,8.4,,,dead,4
C2,BT,98,2.4,4.5,,,,,,,1
C2,BT,99,3.9,4.9,12.6,,9.8,,,,1
C2,BT,100,4.3,,15.1,,9,,,dead,4
C2,WP,10,3.1,4.1,7.3,,2.1,,,,1
C2,WP,22,3.1,4.3,7.7,,3.1,,,,1
C2,WP,45,2.2,2.7,6.9,,4,,,,1
C2,WS,2,1.7,1.7,3.5,,0.95,,,,1
C3,AB,8,,1.7,,,,,,,10
C3,AB,9,,1.7,,,,,,,10
C3,AB,153,,2.9,,,,,,,10
C3,BF,144,,1.6,,,,,,,10
C3,BT,1,5.9,6.5,17.8,,10.3,,,,1
C3,BT,3,2.5,,10.2,,7.4,,,dead,4
C3,BT,4,5.1,,16.5,,10.2,,,dead,4
C3,BT,6,5.3,,17.2,,9.6,,,dead,4
C3,BT,12,3.4,,13.9,,8.3,,,dead,4
C3,BT,13,3.5,,13.5,,8.2,,,dead,4
C3,BT,16,3.3,,13.4,,8.4,,,dead,4
C3,BT,74,0,,,,,,,dead,4
C3,BT,83,0,,,,,,,dead,4
C3,BT,84,5.3,6.1,16.1,,11.1,,,,1
C3,BT,93,5.1,6,15.8,,10.6,,,,1
C3,BT,94,3.3,3.8,14.7,,12.3,,,,1
C3,BT,97,7.4,8.3,16.9,,8,,,,1
C3,BT,100,3.8,4.4,12.7,,9.2,,,,1
C3,BT,13,,5,,,,,,,10
C3,BT,19,,5.3,,,,,,,10
C3,BT,2,,6.8,,,,,,,10
C3,BT,21,,4.2,,,,,,,10
C3,BT,22,,5.8,,,,,,,10
C3,BT,28,,5.7,,,,,,,10
C3,BT,30,,3.5,,,,,,,10
C3,BT,31,,5.3,,,,,,,10
C3,BT,32,,4.1,,,,,,,10
C3,BT,33,,4,,,,,,,10
C3,BT,34,,3.2,,,,,,,10
C3,BT,35,,3.7,,,,,,,10
C3,BT,36,,6,,,,,,,10
C3,BT,4,,5.5,,,,,,,10
C3,BT,127,,4.2,,,,,,,10
C3,BT,128,,3.2,,,,,,,10
C3,BT,129,,3.4,,,,,,,10
C3,BT,141,,4.4,,,,,,,10
C3,BT,161,,4.4,,,,,,,10
C3,GB,1,,2.6,,,,,,,10
C3,GB,20,,2.9,,,,,,,10
C3,GB,166,,3.2,,,,,,,10
C3,GB,173,,5.9,,,,,,,10
C3,GB,175,,3.3,,,,,,,10
C3,HH,18,,2.1,,,,,,,10
C3,PB,11,0,,,,,,,dead,4
C3,PB,14,0,,,,,,,dead,4
C3,PB,15,0,,,,,,,dead,4
C3,PB,22,0,,,,,,,dead,4
C3,PB,25,4.1,,14,,6.5,,,dead,4
C3,PB,26,0,,,,,,,dead,4
C3,PB,27,1.6,,7.4,,6,,,dead,4
C3,PB,31,0,,,,,,,dead,4
C3,PB,36,0,,,,,,,dead,4
C3,PB,42,0,,,,,,,dead,4
C3,PB,44,0,,,,,,,dead,4
C3,PB,45,1.7,,9.9,,6.3,,,dead,4
C3,PB,64,0,,,,,,,dead,4
C3,PB,67,0.9,,2.9,,2.4,,,dead,4
C3,PB,70,2.2,2.4,10.6,,7.1,,,,1
C3,PB,77,0,,,,,,,dead,4
C3,PB,82,0,,,,,,,dead,4
C3,PB,85,0,,,,,,,dead,4
C3,QA,8,0,,,,,,,dead,4
C3,QA,9,1.8,,7.1,,5.1,,,dead,4
C3,QA,10,0,,,,,,,dead,4
C3,QA,17,5,6.3,16.5,,8.3,,,,1
C3,QA,18,3.1,,10.3,,8.2,,,dead,4
C3,QA,19,0,,,,,,,dead,4
C3,QA,20,4.4,5.4,16.3,,9.9,,,,1
C3,QA,28,0,,,,,,,dead,4
C3,QA,29,4.4,,15,,6.9,,,dead,4
C3,QA,30,0,,,,,,,dead,4
C3,QA,34,5,6.4,19.1,,8.5,,,,1
C3,QA,40,4.1,4.6,13.9,,8.9,,,,1
C3,QA,41,2.1,2.5,8.7,,5.3,,,,1
C3,QA,46,5.3,6.4,15.4,,7.7,,,,1
C3,QA,47,0,,,,,,,dead,4
C3,QA,48,3.3,3.6,12.3,,7.8,,,,1
C3,QA,49,2.9,3.2,15.7,,8.3,,,,1
C3,QA,52,3.7,,13.2,,6.7,,,dead,4
C3,QA,55,0,,,,,,,dead,4
C3,QA,56,3.9,5,14,,7.1,,,,1
C3,QA,59,0,,,,,,,dead,4
C3,QA,61,0,,,,,,,dead,4
C3,QA,63,2.2,,7.9,,6.7,,,dead,4
C3,QA,65,0,,,,,,,dead,4
C3,QA,68,0,,,,,,,dead,4
C3,QA,69,0,,,,,,,dead,4
C3,QA,72,0,,,,,,,dead,4
C3,QA,78,0,,,,,,,dead,4
C3,QA,88,5.2,5.7,15.7,,9.8,,,,1
C3,QA,90,2.5,4.1,7.1,,5.1,,,,1
C3,QA,96,0,,,,,,,dead,4
C3,QA,99,4,4.7,13.6,,10.2,,,,1
C3,RM,2,1.4,1.4,7.3,,3.9,,,,1
C3,RM,5,5,5.7,16.3,,6.2,,,,1
C3,RM,5,2.4,2.5,9.3,,6.3,,,,1
C3,RM,21,3.4,3.8,12.9,,7.1,,,,1
C3,RM,21,4.8,5,14,,5.6,,,,1
C3,RM,38,1.9,2,6.9,,4.9,,,,1
C3,RM,38,2,2,7.6,,5,,,,1
C3,RM,50,4.1,4.8,14.3,,6.9,,,,1
C3,RM,57,1.2,,6.6,,4.7,,,dead,4
C3,RM,57,2.6,2.4,9.2,,6.1,,,,1
C3,RM,58,1.5,1.7,8.7,,5.8,,,,1
C3,RM,58,3.6,4.1,11.3,,6.8,,,,1
C3,RM,62,5.4,5.9,17.2,,5.1,,,,1
C3,RM,62,3.9,4.1,16.9,,8.9,,,,1
C3,RM,66,3.2,3.8,14.6,,8.8,,,,1
C3,RM,66,4,4.3,14,,8.3,,,,1
C3,RM,73,1.5,1.6,5.7,,4.5,,,,1
C3,RM,73,4.2,4.4,14.6,,5.9,,,,1
C3,RM,76,1.4,1.6,5.1,,2.8,,,,1
C3,RM,86,1.6,1.8,7.9,,4.7,,,,1
C3,RM,91,3.2,3.6,7.5,,11.5,,,,1
C3,RM,91,2.7,3.4,12.4,,7.6,,,,1
C3,RM,10,,3.6,,,,,,,10
C3,RM,11,,3.2,,,,,,,10
C3,RM,12,,2.6,,,,,,,10
C3,RM,14,,2.8,,,,,,,10
C3,RM,15,,3.3,,,,,,,10
C3,RM,16,,2.2,,,,,,,10
C3,RM,17,,2.5,,,,,,,10
C3,RM,23,,2.7,,,,,,,10
C3,RM,24,,6.1,,,,,,,10
C3,RM,25,,3.1,,,,,,,10
C3,RM,26,,3.7,,,,,,,10
C3,RM,27,,3.1,,,,,,,10
C3,RM,29,,1.6,,,,,,,10
C3,RM,3,,2.5,,,,,,,10
C3,RM,5,,1.5,,,,,,,10
C3,RM,7,,1.9,,,,,,,10
C3,RM,132,,7.1,,,,,,,10
C3,RM,133,,1.9,,,,,,,10
C3,RM,134,,1.8,,,,,,,10
C3,RM,135,,2.3,,,,,,,10
C3,RM,136,,1.6,,,,,,,10
C3,RM,137,,2.5,,,,,,,10
C3,RM,138,,2.1,,,,,,,10
C3,RM,139,,1.6,,,,,,,10
C3,RM,142,,2.2,,,,,,,10
C3,RM,143,,2.5,,,,,,,10
C3,RM,145,,2.8,,,,,,,10
C3,RM,146,,1.6,,,,,,,10
C3,RM,147,,1.9,,,,,,,10
C3,RM,148,,2.9,,,,,,,10
C3,RM,149,,2.3,,,,,,,10
C3,RM,150,,3.2,,,,,,,10
C3,RM,151,,2.3,,,,,,,10
C3,RM,152,,4.6,,,,,,,10
C3,RM,154,,5,,,,,,,10
C3,RM,155,,5.4,,,,,,,10
C3,RM,156,,5.3,,,,,,,10
C3,RM,157,,5.1,,,,,,,10
C3,RM,158,,3.7,,,,,,,10
C3,RM,159,,2.1,,,,,,,10
C3,RM,160,,3.9,,,,,,,10
C3,RM,162,,1.6,,,,,,,10
C3,RM,163,,1.8,,,,,,,10
C3,RM,164,,1.9,,,,,,,10
C3,RM,165,,2.5,,,,,,,10
C3,RM,167,,2,,,,,,,10
C3,RM,168,,3.2,,,,,,,10
C3,RM,169,,2.2,,,,,,,10
C3,RM,170,,2.4,,,,,,,10
C3,RM,171,,1.7,,,,,,,10
C3,RM,172,,2,,,,,,,10
C3,RO,98,1.6,2.2,8.7,,5.8,,,,1
C3,RS,32,0.4,0.4,1.25,,0.67,,,,1
C3,RS,75,0.8,1.1,2,,0.96,,,,1
C3,WA,95,4.9,5.8,16.3,,8.3,,,,1
C3,WA,130,,2.1,,,,,,,10
C3,WA,131,,2.7,,,,,,,10
C3,YB,6,,3.6,,,,,,,10
C3,YB,140,,1.6,,,,,,,10
C3,YB,174,,1.7,,,,,,,10
C4,AB,164,,1.8,,,,,,,10
C4,BF,7,1.1,,3.7,,1.5,,,dead,4
C4,BF,30,0,,1.2,,0.5,,,dead,4
C4,BF,76,1.3,1.5,3.9,,3,,,,1
C4,BF,81,3,3.4,6.8,,3.4,,,,1
C4,BF,85,2.2,2.6,6.4,,4.6,,,,1
C4,BF,86,2.4,,6.2,,4,,,"no tag, likley piked up in ingrowth tally",
C4,BF,90,2.3,2.5,5.8,,3.4,,,,1
C4,BF,94,2.2,2.4,5.4,,4.4,,,,1
C4,BF,96,2.7,3.1,6,,3.9,,,,1
C4,BF,100,1.7,2.1,3.7,,2.6,,,,1
C4,BF,152,,1.9,,,,,,,10
C4,BF,165,,2.7,,,,,,,10
C4,BF,168,,3.3,,,,,,,10
C4,BF,176,,2.2,,,,,,,10
C4,BF,185,,2.6,,,,,,,10
C4,BF,201,,4,,,,,,,10
C4,BF,202,,2.5,,,,,,,10
C4,BF,203,,2.2,,,,,,,10
C4,BF,204,,2.7,,,,,,,10
C4,BF,205,,1.8,,,,,,,10
C4,BF,206,,2.9,,,,,,,10
C4,BF,207,,2.9,,,,,,,10
C4,BF,209,,2.2,,,,,,,10
C4,BF,211,,3.2,,,,,,,10
C4,BF,217,,2,,,,,,,10
C4,BF,218,,2.5,,,,,,,10
C4,BF,220,,2.6,,,,,,,10
C4,BF,221,,1.9,,,,,,,10
C4,BF,222,,3.1,,,,,,,10
C4,BF,223,,2.5,,,,,,,10
C4,BF,224,,2.8,,,,,,,10
C4,BF,225,,3.1,,,,,,,10
C4,BF,276,,3,,,,,,,10
C4,BF,277,,2.1,,,,,,,10
C4,BF,278,,1.7,,,,,,,10
C4,BF,280,,1.6,,,,,,,10
C4,BF,283,,2.2,,,,,,,10
C4,BF,284,,2.6,,,,,,,10
C4,BF,286,,2.3,,,,,,,10
C4,BF,287,,2,,,,,,,10
C4,BF,288,,2.4,,,,,,,10
C4,BF,294,,1.7,,,,,,,10
C4,BF,296,,2.8,,,,,,,10
C4,BF,298,,3.1,,,,,,,10
C4,BF,781,,1.7,,,,,,,10
C4,BF,791,,4,,,,,,,10
C4,BF,809,,1.9,,,,,,,10
C4,BF,841,,1.6,,,,,,,10
C4,BF,881,,2.4,,,,,,,10
C4,BF,901,,3.6,,,,,,,10
C4,BF,941,,2,,,,,,,10
C4,BF,951,,1.8,,,,,,,10
C4,BF,981,,2.3,,,,,,,10
C4,BT,1,4.8,5.5,14,,12.3,,,,1
C4,BT,1,1.5,,4.8,,3.9,,,dead,4
C4,BT,3,0,,,,,,,dead,4
C4,BT,4,5.3,5.9,15.1,,12.8,,,,1
C4,BT,5,2.3,2.5,8.3,,6.5,,,,1
C4,BT,6,4.1,4.8,12,,10.5,,,,1
C4,BT,8,5.4,6,14.7,,12,,,#1100,1
C4,BT,9,0,,,,,,,dead,4
C4,BT,10,2.8,4,12.2,,10.3,,,,1
C4,BT,11,1.4,,5.5,,4.5,,,dead,4
C4,BT,12,3.7,4.2,11.3,,9.2,,,,1
C4,BT,13,0,,,,,,,dead,4
C4,BT,15,0,,,,,,,dead,4
C4,BT,16,2.2,,9.8,,8.1,,,dead,4
C4,BT,17,4.9,,14.7,,12.4,,,"no tag, likley piked up in ingrowth tally",
C4,BT,18,4.8,5.4,14.8,,10.5,,,,1
C4,BT,19,6.2,6.9,14.9,,10.9,,,#198,1
C4,BT,20,3.8,4.6,13.4,,10.5,,,#199,1
C4,BT,22,3.9,4.7,13.1,,10.9,,,#196,1
C4,BT,24,3.5,3.9,11.3,,8.2,,,,1
C4,BT,25,2.7,,10.5,,8.9,,,"no tag, likley piked up in ingrowth tally",
C4,BT,26,3.4,,13,,9.8,,,"no tag, likley piked up in ingrowth tally",
C4,BT,27,4.7,,12.9,,10.5,,,"no tag, likley piked up in ingrowth tally",
C4,BT,28,1.8,,7.3,,5.7,,,"no tag, likley piked up in ingrowth tally",
C4,BT,31,0,,,,,,,dead,4
C4,BT,32,2.8,,8.1,,5.4,,,dead,4
C4,BT,33,3.5,3.8,9.2,,7.4,,,,1
C4,BT,34,4.5,,14,,10.8,,,"no tag, likley piked up in ingrowth tally",
C4,BT,35,2,,8.4,,6.6,,,dead,4
C4,BT,36,3.7,4.1,11.4,,8.9,,,,1
C4,BT,37,2.6,2.9,10.2,,7.3,,,,1
C4,BT,38,3.4,,8.7,,7.1,,,dead,4
C4,BT,39,0,,,,,,,dead,4
C4,BT,41,4.1,4.9,11.8,,8.4,,,,1
C4,BT,43,4.5,,10.9,,8.2,,,"no tag, likley piked up in ingrowth tally",
C4,BT,44,0,,,,,,,dead,4
C4,BT,46,3.1,3.2,9.7,,8,,,,1
C4,BT,47,6.1,7.3,14.8,,11.3,,,,1
C4,BT,48,3,3.3,10.3,,7.5,,,,1
C4,BT,51,3.1,3.7,10.8,,7.9,,,,1
C4,BT,54,2.5,2.5,8.5,,6.4,,,,1
C4,BT,55,5.7,6.6,14.2,,8,,,,1
C4,BT,56,1.7,,6.4,,4.9,,,dead,4
C4,BT,61,1.6,,7.7,,6.6,,,dead,4
C4,BT,63,3.7,4.3,11.9,,9.1,,,,1
C4,BT,64,3.6,,11.4,,8.3,,,"no tag, likley piked up in ingrowth tally",
C4,BT,66,3,3.4,10.1,,8,,,,1
C4,BT,67,4.3,4.9,11.7,,9.3,,,,1
C4,BT,68,2.8,3,8.1,,6.4,,,,1
C4,BT,71,4.8,5.8,13.2,,11.3,,,,1
C4,BT,72,2.3,,7,,6,,,dead,4
C4,BT,73,4.7,5.2,11.3,,7.6,,,,4
C4,BT,74,4.8,,13.2,,9.9,,,"no tag, likley piked up in ingrowth tally",
C4,BT,75,1.2,,5.9,,4.8,,,"no tag, likley piked up in ingrowth tally",
C4,BT,77,4.1,4.4,11.2,,9.1,,,,1
C4,BT,82,6,,17.5,,14.5,,,"no tag, likley piked up in ingrowth tally",
C4,BT,83,3.6,4,12.9,,10.6,,,,1
C4,BT,84,4.9,5.5,12.2,,9.5,,,,1
C4,BT,87,1.9,,6.2,,4.7,,,dead,4
C4,BT,88,4.3,,11.8,,9,,,"no tag, likley piked up in ingrowth tally",
C4,BT,89,3,3.5,9.6,,8.2,,,,1
C4,BT,92,2.4,2.5,9.4,,7.6,,,,1
C4,BT,93,2,,7.8,,3.8,,,"no tag, likley piked up in ingrowth tally",
C4,BT,95,5.5,6.2,14.6,,11.1,,,,1
C4,BT,97,2.6,2.8,7.4,,5.6,,,,1
C4,BT,98,3.7,,9.1,,6.7,,,dead,4
C4,BT,118,,4.1,,,,,,,10
C4,BT,122,,3,,,,,,,10
C4,BT,128,,3.5,,,,,,,10
C4,BT,129,,5.3,,,,,,,10
C4,BT,151,,4,,,,,,,10
C4,BT,161,,3.9,,,,,,,10
C4,BT,163,,3,,,,,,,10
C4,BT,166,,3.1,,,,,,,10
C4,BT,167,,5.5,,,,,,,10
C4,BT,169,,5.1,,,,,,,10
C4,BT,170,,3.3,,,,,,,10
C4,BT,171,,2.5,,,,,,,10
C4,BT,172,,2.3,,,,,,,10
C4,BT,173,,4.3,,,,,,,10
C4,BT,174,,2.9,,,,,,,10
C4,BT,177,,2.6,,,,,,,10
C4,BT,178,,3.6,,,,,,,10
C4,BT,179,,5.8,,,,,,,10
C4,BT,182,,4.8,,,,,,,10
C4,BT,184,,4.2,,,,,,,10
C4,BT,187,,3.8,,,,,,,10
C4,BT,188,,5.2,,,,,,,10
C4,BT,189,,4.3,,,,,,,10
C4,BT,190,,2.7,,,,,,,10
C4,BT,191,,3,,,,,,,10
C4,BT,192,,5.3,,,,,,,10
C4,BT,193,,4.4,,,,,,,10
C4,BT,198,,3.9,,,,,,,10
C4,BT,212,,4.5,,,,,,,10
C4,BT,213,,5.6,,,,,,,10
C4,BT,215,,2.6,,,,,,,10
C4,BT,279,,2.5,,,,,,,10
C4,BT,281,,2.9,,,,,,,10
C4,BT,282,,2.5,,,,,,,10
C4,BT,289,,4.2,,,,,,,10
C4,BT,290,,2,,,,,,,10
C4,BT,292,,2.7,,,,,,,10
C4,BT,295,,5.1,,,,,,,10
C4,BT,299,,2,,,,,,,10
C4,BT,299,,2.1,,,,,,,10
C4,BT,801,,1.6,,,,,,,10
C4,BT,811,,2.9,,,,,,,10
C4,BT,851,,5.6,,,,,,,10
C4,BT,871,,3.3,,,,,,,10
C4,BT,921,,1.6,,,,,,,10
C4,BT,971,,4.8,,,,,,,10
C4,BT,2100,,4.1,,,,,,,10
C4,GB,157,,2.4,,,,,,,10
C4,GB,158,,2.6,,,,,,,10
C4,GB,159,,3.7,,,,,,,10
C4,GB,297,,1.9,,,,,,,10
C4,GB,861,,1.8,,,,,,,10
C4,GB,961,,1.9,,,,,,,10
C4,GB,991,,3.5,,,,,,,10
C4,NS,59,2.2,3.1,4.6,,1,,,,1
C4,PB,45,1.4,,5.4,,4,,,"no tag, likley piked up in ingrowth tally",
C4,PB,70,0.5,,3.2,,2.3,,,"no tag, likley piked up in ingrowth tally",
C4,PB,78,0.8,0.9,6.2,,3.6,,,,1
C4,PB,180,,1.9,,,,,,,10
C4,RM,14,3.4,3.8,10.5,,5.5,,,#197,1
C4,RM,14,3.5,4.2,10.9,,5.2,,,,1
C4,RM,58,3.8,4.3,11.1,,5.9,,,,1
C4,RM,58,4.9,5.1,11.9,,7.7,,,,1
C4,RM,153,,2,,,,,,,10
C4,RM,154,,1.5,,,,,,,10
C4,RM,155,,3.8,,,,,,,10
C4,RM,156,,4.6,,,,,,,10
C4,RM,162,,3.3,,,,,,,10
C4,RM,181,,2.8,,,,,,,10
C4,RM,183,,2.2,,,,,,,10
C4,RM,195,,2.3,,,,,,,10
C4,RM,210,,2.1,,,,,,,10
C4,RM,216,,1.8,,,,,,,10
C4,RM,831,,1.6,,,,,,,10
C4,RO,42,2,2.5,8.9,,6.4,,,,1
C4,RO,175,,1.5,,,,,,,10
C4,RO,208,,1.5,,,,,,,10
C4,RO,931,,1.6,,,,,,,10
C4,RS,50,0.8,1.2,2.2,,1,,,,1
C4,RS,52,2.1,2.3,4.4,,2.8,,,,1
C4,RS,69,0.8,,2.3,,1.1,,,"no tag, likley piked up in ingrowth tally",
C4,WP,91,3.6,4.4,7,,3.6,,,,1
C4,WP,771,,3.5,,,,,,,10
C4,WP,911,,3,,,,,,,10
C4,WS,57,0.9,1,2.1,,1.6,,,,1
C4,WS,62,2.5,2.6,5.5,,3.9,,,,1
C4,WS,65,0.8,0.7,2,,1.1,,,,1
C4,WS,160,,2.2,,,,,,,10
C4,WS,194,,1.8,,,,,,,10
C4,WS,225,,1.6,,,,,,,10
C4,WS,285,,2.2,,,,,,,10
C4,WS,291,,2.1,,,,,,,10
C4,WS,293,,2.7,,,,,,,10
C4,WS,761,,3.3,,,,,,,10
C4,WS,821,,2.6,,,,,,,10
C4,YB,186,,1.6,,,,,,,10
C4,YB,301,,1.8,,,,,,,10
HC1,GB,201,,2,,,,,,,10
HC1,QA,203,,2.9,,,,,,,10
HC1,WS,1,1.4,3.3,2.8,18.4,0.4,5.3,,,1
HC1,WS,3,1.3,1.9,2.6,,0.9,,,,1
HC1,WS,5,2.5,3.8,4.5,,0.8,,,,1
HC1,WS,7,2.9,4.1,4.6,21.6,0.7,5.9,,,1
HC1,WS,8,1.4,1.8,2.3,,1,,,,1
HC1,WS,10,2.4,3.4,3.5,,0.55,,,,1
HC1,WS,11,2.3,3.9,4,,0.48,,,,1
HC1,WS,12,3.3,5.7,5,,0.32,,,,1
HC1,WS,16,4.3,5.7,6.4,,0.68,,,,1
HC1,WS,18,2.5,3.6,4.5,,0.65,,,,1
HC1,WS,20,4.4,6.1,5.7,,0.4,,,,1
HC1,WS,21,2.1,4,3.4,,2.5,,,,1
HC1,WS,22,3,4,5.4,,0.6,,,,1
HC1,WS,25,1.4,2.7,2.9,,0.33,,,,1
HC1,WS,30,3.3,4.9,5.3,,0.2,,,,1
HC1,WS,31,0.9,1.7,2.6,,0.55,,,,1
HC1,WS,33,3.3,5.3,4.2,25.8,0.31,6.5,,,1
HC1,WS,36,1,2.6,2.8,,0.2,,,,1
HC1,WS,37,3.9,5.7,4.7,23.7,0.18,4.9,,,1
HC1,WS,44,1.8,3,2.8,,0.19,,,,1
HC1,WS,45,2.8,4.3,3.6,20.1,0.22,4.5,,,1
HC1,WS,46,2.4,3.5,4,,0.41,,,,1
HC1,WS,47,2.1,3.2,3.8,,0.51,,,,1
HC1,WS,52,1.7,2.8,3.1,,0.35,,,,1
HC1,WS,53,3.4,5.4,4.6,,0.34,,,,1
HC1,WS,56,2.8,3.9,4.4,,0.45,,,,1
HC1,WS,57,3.3,4.4,4.7,,0.35,,,,1
HC1,WS,58,1.8,3.5,3.2,,0.32,,,,1
HC1,WS,63,2.3,3.5,3.3,18.2,0.25,9.2,,,1
HC1,WS,64,1.3,1.6,2.4,,0.65,,,,1
HC1,WS,66,4.1,5.8,5.1,28.2,0.64,5.8,,,1
HC1,WS,67,1.3,2.5,2.5,,0.38,,,,1
HC1,WS,69,1.1,2.5,2.4,15,0.6,4.9,,,1
HC1,WS,71,1.3,2.1,2.4,,0.6,,,,1
HC1,WS,73,2.5,3.1,3.3,,0.95,,,,1
HC1,WS,74,2,3.2,3.7,,0.37,,,,1
HC1,WS,76,2.6,3.8,4.4,,1.3,,,,1
HC1,WS,81,3.2,4.2,5,,0.7,,,,1
HC1,WS,83,2.3,3.4,3.4,,0.45,,,,1
HC1,WS,84,3.1,4.1,4.7,,0.67,,,,1
HC1,WS,85,3.1,3.9,4.8,23.9,1.4,11,,,1
HC1,WS,86,3.6,5.3,4.8,23.8,0.19,9.8,,,1
HC1,WS,90,2.2,3.7,3.5,,0.45,,,,1
HC1,WS,91,2.3,2.8,4.6,,,,,,1
HC1,WS,92,2.5,3.1,4.5,,0.64,,,,1
HC1,WS,93,3.9,4.2,3.8,,1.7,,,,1
HC1,WS,95,3,3.8,3.9,,0.63,,,,1
HC1,WS,98,2.6,3.9,4.1,,0.4,,,,1
HC1,WS,99,3.2,4.7,5,,0.45,,,,1
HC1,WS,202,,1.7,,,,,,,10
HC2,WS,1,1.8,3.7,4.8,,0.1,,,,1
HC2,WS,2,1.7,3.6,4.3,,0.86,,,,1
HC2,WS,3,1.6,3.3,4.6,,0.73,,,,1
HC2,WS,4,2.2,4.8,5.8,28.2,0.8,10.3,,,1
HC2,WS,5,2.2,4.3,5.2,,0.62,,,,1
HC2,WS,6,1.7,3.2,4.7,,0.57,,,,1
HC2,WS,7,2.5,5,6.6,,0.37,,,,1
HC2,WS,8,2.8,4.7,5.2,,1.1,,,,1
HC2,WS,9,2.2,4.2,5.1,,0.98,,,,1
HC2,WS,10,1.8,3.5,5.1,,1.1,,,,1
HC2,WS,11,1.9,4.2,6,,0.45,,,,1
HC2,WS,12,1.2,5,6.2,,0.6,,,,1
HC2,WS,13,1.5,3.9,4.5,,0.82,,,,1
HC2,WS,14,1.9,3.7,5.1,,1.2,,,,1
HC2,WS,15,1.7,3.9,5.3,25.8,0.77,12.3,,,1
HC2,WS,16,2,4.2,5.2,,0.63,,,,1
HC2,WS,17,2.5,4.3,5.5,,0.6,,,,1
HC2,WS,18,1.3,1.9,3.4,,1.1,,,,1
HC2,WS,19,1.3,4.6,5.2,,0.45,,,,1
HC2,WS,20,1.5,2.8,4.5,,0.97,,,,1
HC2,WS,21,1.8,4.3,5.2,,0.46,,,,1
HC2,WS,22,1.4,4.2,5.2,,0.5,,,,1
HC2,WS,23,1.6,3.8,5,25,0.45,9.7,,,1
HC2,WS,24,2,4.1,5.3,,0.6,,,,1
HC2,WS,25,1.8,3.7,5,,0.66,,,,1
HC2,WS,26,2.4,4.3,6.9,,1.5,,,,1
HC2,WS,27,2.4,4.4,5.4,,0.95,,,,1
HC2,WS,28,2,4.5,5.2,,0.44,,,,1
HC2,WS,29,1.6,3.1,4.8,,0.9,,,,1
HC2,WS,30,1.7,3.5,5.2,,0.45,,,,1
HC2,WS,31,2,4.4,5.6,,1.1,,,,1
HC2,WS,32,1.1,4.2,4.3,,0.44,,,,1
HC2,WS,33,1.4,3.9,5.2,26.4,0.75,8.5,,,1
HC2,WS,34,2,4.7,4.7,,0.45,,,,1
HC2,WS,35,2.6,4.4,6.5,,0.72,,,,1
HC2,WS,36,2,4.5,6.1,,0.6,,,,1
HC2,WS,37,2.8,4.4,5.5,,0.95,,,,1
HC2,WS,38,1.7,3.4,4.7,,0.9,,,,1
HC2,WS,39,2,4.1,5.6,26.6,1.2,11.9,,,1
HC2,WS,40,2.6,4.9,7.4,,1.2,,,,1
HC2,WS,41,2,4.5,6.4,,0.74,,,,1
HC2,WS,42,1.7,3.7,4.7,,0.9,,,,1
HC2,WS,43,1.3,3.7,5,,0.52,,,,1
HC2,WS,44,2.4,4.4,5.6,,1.1,,,,1
HC2,WS,45,2.4,4.2,6.2,,0.71,,,,1
HC2,WS,46,2,4.2,4.7,,0.3,,,,1
HC2,WS,47,2.4,4.3,4.9,,0.75,,,,1
HC2,WS,48,1.8,3.3,4.5,,0.58,,,,1
HC2,WS,49,1.4,2.4,4.2,,0.8,,,,1
HC2,WS,50,2.5,4.8,6,26.9,1.3,10.8,,,1
HC2,WS,51,2,4,4.6,,0.74,,,,1
HC2,WS,52,1.4,3.1,4.4,,0.55,,,,1
HC2,WS,53,1.1,2.5,3.4,,0.52,,,,1
HC2,WS,54,2,,7.1,,0.95,,,dead,4
HC2,WS,55,2.1,3.8,4.7,,0.55,,,,1
HC2,WS,56,1.2,3.1,3.6,,0.75,,,,1
HC2,WS,57,2.2,3.7,5.2,23.5,0.64,8.6,,,1
HC2,WS,58,2.2,3.7,6,,0.43,,,,1
HC2,WS,59,1.9,4.1,5.7,,1,,,,1
HC2,WS,60,1.6,3.2,5.1,,1,,,,1
HC2,WS,61,1.8,3.8,5.6,,1,,,,1
HC2,WS,62,2.2,4.4,6.3,28.9,0.55,9.1,,,1
HC2,WS,63,2,4.6,7.2,,1.3,,,,1
HC2,WS,64,2.8,5,7.1,,0.58,,,,1
HC2,WS,65,2.4,4.2,5.9,,0.65,,,,1
HC2,WS,66,2.3,3.9,4.4,,0.7,,,,1
HC2,WS,67,1.5,3.1,4,,1.1,,,,1
HC2,WS,68,2.2,3.6,4.6,,1.2,,,,1
HC2,WS,69,2.2,3.9,5.4,,0.38,,,,1
HC2,WS,70,1,3,3.8,,0.7,,,,1
HC2,WS,71,2.1,4.6,5.3,,0.57,,,,1
HC2,WS,72,1.4,3.1,5,,0.6,,,,1
HC2,WS,73,2.3,4.9,6.7,,0.6,,,,1
HC2,WS,74,3,5,6.5,,1.2,,,,1
HC2,WS,75,2,3.9,6.8,,0.47,,,,1
HC2,WS,76,1.7,4.3,4.8,,0.46,,,,1
HC2,WS,77,1.8,4.1,5.3,,1,,,,1
HC2,WS,78,2.6,4.2,5.3,,0.85,,,,1
HC2,WS,80,2.8,5.2,6.1,28.8,0.5,5.6,,,1
HC2,WS,81,2.4,5,7.2,,0.44,,,,1
HC2,WS,82,1.6,4.2,5.8,,0.45,,,,1
HC2,WS,83,2.4,4.7,4.7,,0.58,,,,1
HC2,WS,84,2.2,3.7,4.4,,0.72,,,,1
HC2,WS,85,2.5,3.4,4.2,,1.25,,,,1
HC2,WS,86,1,2.5,3.5,,0.65,,,,1
HC2,WS,87,2.3,4.3,5.6,,0.43,,,,1
HC2,WS,89,0,,,,,,,dead,4
HC2,WS,90,2,3.9,5.3,,0.87,,,,1
HC2,WS,91,2,4.3,5.7,,0.64,,,,1
HC2,WS,92,2.9,5,6.4,,0.7,,,,1
HC2,WS,93,1.5,3.2,5,28.1,0.65,10.2,,,1
HC2,WS,94,1.9,3.5,5.1,,1.7,,,,1
HC2,WS,95,2.8,4.5,5.2,,0.45,,,,1
HC2,WS,96,2.4,3.7,6.8,,1.4,,,,1
HC2,WS,97,2.6,4.7,6.1,,1.1,,,,1
HC2,WS,98,2.6,3.9,6.1,,0.62,,,,1
HC2,WS,99,2.8,4.6,5.3,,0.9,,,,1
HC2,WS,100,2.2,4.3,7.1,,0.44,,,,1
HC3,WS,1,3.5,4.7,7.3,,1.4,,,,1
HC3,WS,2,3.5,4.3,6.5,31.3,1.25,17,,,1
HC3,WS,3,2.5,3.3,5.7,,1.2,,,,1
HC3,WS,3,1.9,2.3,5.7,,1.2,,,,1
HC3,WS,4,3.1,3.9,5,,1.2,,,,1
HC3,WS,5,3.8,4.7,5.4,,1.1,,,,1
HC3,WS,6,2,2.6,3.9,,1.2,,,,1
HC3,WS,6,2.1,2.7,3.9,,1.2,,,,1
HC3,WS,7,3,4.6,6,,1.3,,,,1
HC3,WS,9,4.4,5.5,8.1,,0.7,,,,1
HC3,WS,11,2.4,3.2,4.7,,1.2,,,,1
HC3,WS,12,3.1,4.2,5.6,,0.7,,,,1
HC3,WS,13,3,4.3,6,,0.9,,,,1
HC3,WS,14,3.5,4.5,6.4,,1.6,,,,1
HC3,WS,15,3.4,4.5,6.5,,1.6,,,,1
HC3,WS,16,1.3,,3.7,,0.6,,,dead,4
HC3,WS,16,1.9,2.8,3.7,,0.6,,,,1
HC3,WS,17,2.8,3.8,5.3,,0.8,,,,1
HC3,WS,17,1.7,2.4,5.3,,0.8,,,,1
HC3,WS,18,4.1,6,7.3,,0.5,,,,1
HC3,WS,19,3.7,5,6.1,,0.4,,,,1
HC3,WS,20,3.5,,5,,0.2,,,dead,4
HC3,WS,21,4.3,5.2,5.8,,0.2,,,,1
HC3,WS,22,1.7,2.1,3.7,,1.9,,,,1
HC3,WS,23,3.1,4.1,4.8,,1.3,,,,1
HC3,WS,24,3.3,4.6,5.9,,1.4,,,,1
HC3,WS,25,3.6,4.7,5.7,,1.7,,,,1
HC3,WS,26,1.7,2.1,4.9,,0.6,,,,1
HC3,WS,27,2.2,3,4.5,,0.2,,,,1
HC3,WS,27,2,2.9,4.5,,0.2,,,,1
HC3,WS,29,2.2,2.4,3.8,,1.1,,,,1
HC3,WS,30,3,3.9,5,,0.7,,,,1
HC3,WS,31,1.9,2.3,3.4,14.5,1.3,9.6,,,1
HC3,WS,31,2.7,2.1,3.4,,1.3,,,,1
HC3,WS,32,3.1,4.1,5.2,,0.9,,,,1
HC3,WS,33,3.3,4.5,5.5,,1.3,,,,1
HC3,WS,34,3.4,4.3,5,,1.2,,,,1
HC3,WS,35,3.1,4.2,4.8,,1.1,,,,1
HC3,WS,36,2.9,4,4.8,,0.8,,,,1
HC3,WS,37,3.8,5.1,6.2,31.5,0.8,16.6,,,1
HC3,WS,38,4.3,5.8,7.8,,1.1,,,,1
HC3,WS,39,2.6,3.4,4.8,,1.3,,,,1
HC3,WS,40,3.1,4.2,6.5,,1.2,,,,1
HC3,WS,41,2.7,3.7,6.2,,1.3,,,,1
HC3,WS,42,3.4,4.5,5.4,29.4,0.7,13.1,,,1
HC3,WS,43,3.2,4.2,4.8,,0.7,,,,1
HC3,WS,44,3,4.2,4.9,,0.8,,,,1
HC3,WS,45,3.9,4.9,4.9,26.1,0.9,13.6,,,1
HC3,WS,46,3.7,5,6.9,,0.9,,,,1
HC3,WS,47,3.5,4.6,6.7,,1.1,,,,1
HC3,WS,48,2.9,3.9,5.1,,0.5,,,,1
HC3,WS,49,2.8,3.8,5.9,,0.3,,,,1
HC3,WS,50,2.8,3.8,4.5,,1.4,,,,1
HC3,WS,51,3,3.9,4.9,,0.9,,,,1
HC3,WS,52,2.8,3.8,6.3,,0.8,,,,1
HC3,WS,53,2.6,3.5,4.3,,0.6,,,,1
HC3,WS,54,0.5,,2.3,,0.8,,,dead,4
HC3,WS,54,0.7,,2.3,,0.8,,,dead,4
HC3,WS,54,0.6,,2.3,,0.8,,,dead,4
HC3,WS,55,3.2,4.5,5.3,,1.3,,,,1
HC3,WS,56,3.6,4.4,6.7,,1.2,,,,1
HC3,WS,57,2.8,4.2,5.3,,0.6,,,,1
HC3,WS,58,3.2,4.2,6.2,,0.9,,,,1
HC3,WS,59,3.4,4.8,6.1,30.7,0.9,14.1,,,1
HC3,WS,60,2.4,2.8,4.7,,0.8,,,,1
HC3,WS,61,2.5,3.2,4.9,,0.7,,,,1
HC3,WS,62,3.4,4.6,6.3,,0.6,,,,1
HC3,WS,63,3.4,4.6,5,,0.7,,,,1
HC3,WS,64,3.5,4.4,5,,1.1,,,,1
HC3,WS,65,3.1,4.3,5.5,,1.5,,,,1
HC3,WS,66,5.1,4.1,5.9,,1.1,,,,1
HC3,WS,67,2.8,3.1,4.4,17,0.9,9.6,,,1
HC3,WS,68,3.6,5.3,7.2,,1,,,,1
HC3,WS,69,3.1,4.5,6.3,33,0.6,13.5,,,1
HC3,WS,70,3.4,4.5,6.1,,1.6,,,,1
HC3,WS,71,3.4,4.3,5.5,,1.2,,,,1
HC3,WS,72,2.6,3.6,5,,1.2,,,,1
HC3,WS,73,4.1,5.6,6.8,,0.8,,,,1
HC3,WS,74,3.1,4.3,5.7,,1,,,,1
HC3,WS,75,3.2,4.3,5.1,,0.8,,,,1
HC3,WS,76,3.8,4.8,5.9,,1.1,,,,1
HC3,WS,77,3,3.7,5.3,,0.9,,,,1
HC3,WS,78,3,3.5,4.9,,1,,,,1
HC3,WS,78,1.1,,4.9,,1,,,dead,4
HC3,WS,79,1.9,2.2,4.3,,0.8,,,,1
HC3,WS,79,2.4,3.5,4.3,,0.8,,,,1
HC3,WS,80,3.2,4.2,5.9,,1.1,,,,1
HC3,WS,81,1.1,1.3,2.7,32.3,0.5,14.9,,,1
HC3,WS,81,3.1,4.2,6.2,,1,,,,1
HC3,WS,82,3.5,4.8,6.4,,1.9,,,,1
HC3,WS,83,3.3,4.1,5.3,,0.4,,,,1
HC3,WS,84,1.9,2.5,3.7,20.5,0.8,9.1,,,1
HC3,WS,85,3.5,4.4,4.3,,1.2,,,,1
HC3,WS,86,2.6,3.5,6.9,,1.1,,,,1
HC3,WS,86,3.1,4.5,6.9,,1.1,,,,1
HC3,WS,87,3,3.8,5.5,,1.4,,,,1
HC3,WS,88,3.1,4.2,6.1,,0.8,,,,1
HC3,WS,89,3,3.9,5.2,,1.1,,,,1
HC3,WS,90,2,3.1,3.8,,0.7,,,,1
HC3,WS,91,2.9,4.1,6,,0.7,,,,1
HC3,WS,92,3.4,4.5,5.3,,0.7,,,,1
HC3,WS,93,3.5,4.7,6.3,,0.8,,,,1
HC3,WS,94,2.2,3.3,4.5,,0.2,,,,1
HC3,WS,95,2.5,3.4,5.1,,0.8,,,,1
HC3,WS,96,2.9,4.3,5.5,,0.9,,,,1
HC3,WS,97,3,4,6.7,,1.2,,,,1
HC3,WS,97,2.5,3.3,6.7,,1.2,,,,1
HC3,WS,98,4.1,5.4,6.5,,1,,,,1
HC3,WS,99,3.3,4.6,6.2,,0.7,,,,1
HC3,WS,100,2.8,3.7,5.6,,0.4,,,,1
HC4,WS,1,2,3,3.6,,0.8,,,,1
HC4,WS,2,0.8,1.2,2.2,,0.5,,,,1
HC4,WS,6,2.3,2.9,4,,1.4,,,,1
HC4,WS,8,3.1,4.3,6.3,,2,,,,1
HC4,WS,10,3.3,4.3,5.8,,1.3,,,,1
HC4,WS,11,1.8,2.5,3.3,,1.1,,,,1
HC4,WS,12,2.9,3.7,5.5,,3.1,,,,1
HC4,WS,13,0,,17,,,,,dead,4
HC4,WS,14,2.6,3.7,4.5,21.9,0.9,5.2,,,1
HC4,WS,17,3.4,4.9,4.6,,0.8,,,,1
HC4,WS,18,1.4,2.3,3.2,15.6,0.3,6.3,,,1
HC4,WS,21,2.8,4.1,4.2,,0.8,,,,1
HC4,WS,23,2.6,3.4,4.6,,0.9,,,,1
HC4,WS,27,2.4,3.5,5.2,23.3,1.7,8.7,,,1
HC4,WS,28,3.1,4.1,5,,1.3,,,,1
HC4,WS,29,3.5,4.6,5.2,,1.1,,,,1
HC4,WS,33,2.2,3.1,4.1,,1.4,,,,1
HC4,WS,35,2.3,3.6,4.7,,1.3,,,,1
HC4,WS,36,1.7,2.3,3.4,,1.5,,,,1
HC4,WS,37,3.5,4.3,5.2,,1.8,,,,1
HC4,WS,39,1.2,2.4,2.6,,0.3,,,,1
HC4,WS,41,2.2,2.8,4.7,,1,,,,1
HC4,WS,42,2.4,3.2,3.8,,1.4,,,,1
HC4,WS,43,2,2.7,3.5,,0.8,,,,1
HC4,WS,44,2.8,3.7,5,,2.6,,,,1
HC4,WS,46,1.5,2.9,3.1,,0.6,,,,1
HC4,WS,47,2.4,3.6,4.1,,1.5,,,,1
HC4,WS,48,3.1,4.5,4.9,,1.8,,,,1
HC4,WS,49,2,2.9,4.6,,1.9,,,,1
HC4,WS,50,2.4,3.5,4.1,,1.2,,,,1
HC4,WS,52,1.7,3.2,3.5,17.4,1.1,7.6,,,1
HC4,WS,53,1.4,1.9,3.3,12.7,1.3,7.1,,,1
HC4,WS,54,1.9,2.9,4,,1.1,,,,1
HC4,WS,55,0.5,1.3,2,,0.5,,,,1
HC4,WS,57,3.1,4.5,4.7,,1.4,,,,1
HC4,WS,58,3,3.9,6,,1.6,,,,1
HC4,WS,59,2.3,2.8,5.1,,1.4,,,,1
HC4,WS,60,3.1,4,5.9,,2.1,,,,1
HC4,WS,61,1.6,2.1,3.9,,1,,,,1
HC4,WS,62,1.4,2,3.3,14.8,1,8.6,,,1
HC4,WS,63,2.8,3.7,5.8,,1.2,,,,1
HC4,WS,64,4,5.2,6,,2.3,,,,1
HC4,WS,65,3.3,4.2,5.7,,1.5,,,,1
HC4,WS,66,0,,1.3,,1.1,,,dead,4
HC4,WS,67,2.6,3.5,5,,1.2,,,,1
HC4,WS,69,2.5,3.6,5.2,,1.7,,,,1
HC4,WS,70,2.3,3.1,4.3,,1.7,,,,1
HC4,WS,71,1.4,2.2,2.7,,0.5,,,,1
HC4,WS,72,2.4,3.5,4.3,,0.1,,,,1
HC4,WS,74,2.8,4.1,5.2,,0.8,,,,1
HC4,WS,76,2.6,3.6,4.5,,1,,,,1
HC4,WS,77,2.7,3.5,5.4,22.6,0.8,12.5,,,1
HC4,WS,78,3,3.8,5.1,,1,,,,1
HC4,WS,79,2.9,4,4.9,,1.2,,,,1
HC4,WS,80,1.3,1.8,2.5,10.7,1,6.5,,,1
HC4,WS,81,2.9,3.5,4.7,,1.6,,,,1
HC4,WS,83,3,4.2,4.7,,0.9,,,,1
HC4,WS,90,2.2,2.9,4.1,,1.3,,,,1
HC4,WS,91,1.5,2.7,3.1,16.4,1,4.7,,,1
HC4,WS,94,3.8,4.9,5.8,,1.7,,,,1
HC4,WS,95,3.9,5.2,5.6,,1.9,,,,1
HC4,WS,96,3.5,4.3,4.9,,1.7,,,,1
HC4,WS,97,1.1,1.9,3,11.8,1.1,6,,,1
HC4,WS,99,3.6,4.9,5,,1.6,,,,1
HC4,WS,100,2.2,3.4,3.6,,0.3,,,,1
LC1,BF,1,2.8,2.8,6.3,,3.3,,,,1
LC1,BF,2,2,3.1,5.9,,3.1,,,,1
LC1,BF,3,2,2.3,5.7,,4.8,,,,1
LC1,BF,4,3.3,4.4,7.4,,2.5,,,,1
LC1,BF,5,2.2,3.9,7.2,,2.4,,,,1
LC1,BF,11,2.5,3.6,5.7,,2.6,,,,1
LC1,BF,12,2.3,3.3,6.9,,3,,,,1
LC1,BF,13,2.4,3.3,6.6,,3.5,,,,1
LC1,BF,14,3.1,4.6,7.6,,3.2,,,,1
LC1,BF,17,3.2,4.4,8.2,,3.3,,,,1
LC1,BF,18,2.7,3.9,8,,3.6,,,,1
LC1,BF,19,3.1,4.5,8.2,,3.2,,,,1
LC1,BF,20,3.3,4.3,9.4,,3.3,,,,1
LC1,BF,21,1.1,1.7,4,,2.1,,,,1
LC1,BF,22,2.7,3.8,7.4,,3.4,,,,1
LC1,BF,23,4.4,5.5,8.8,,3.6,,,,1
LC1,BF,24,2.2,3.8,6.7,,2.4,,,,1
LC1,BF,25,2.4,3.9,6.2,,0.6,,,,1
LC1,BF,27,1.8,1.9,5.3,,3.8,,,,1
LC1,BF,28,4,5.7,9.6,,3,,,,1
LC1,BF,29,1.3,2.1,4.5,,1.7,,,,1
LC1,BF,30,1.6,3,4.5,,1.3,,,,1
LC1,BF,31,2.6,3.2,5.5,,1.6,,,,1
LC1,BF,32,1.3,1.5,3.3,,2.4,,,,1
LC1,BF,33,0.3,0.7,1.9,,1.4,,,,1
LC1,BF,34,3.2,4.8,7,,1.5,,,,1
LC1,BF,36,2.2,3.8,6.4,,2.3,,,,1
LC1,BF,37,3.6,4.9,9.5,,1.9,,,,1
LC1,BF,38,2.4,3.3,7.2,,3.5,,,,1
LC1,BF,39,0,,,,,,,dead,4
LC1,BF,41,1.6,,,,,,,dead,4
LC1,BF,42,1.7,2.7,4.7,,2.4,,,,1
LC1,BF,43,2.4,3.8,7.1,,3.3,,,,1
LC1,BF,44,4.3,6.1,9.5,,2.5,,,,1
LC1,BF,48,2.9,3.7,7.2,,2.4,,,,1
LC1,BF,51,2.3,2.6,5.6,,2.4,,,,1
LC1,BF,52,2.6,2.8,5.7,,3.1,,,,1
LC1,BF,53,1.4,,4.5,,3.1,,,dead,4
LC1,BF,54,4.6,6.1,9.3,,2.2,,,,1
LC1,BF,55,3.9,6.6,9.6,,1.3,,,,1
LC1,BF,58,3.2,4.5,8.8,,3,,,,1
LC1,BF,61,2.7,3.4,6.5,,3.5,,,,1
LC1,BF,62,3.3,3.8,7.3,,3.5,,,,1
LC1,BF,63,3.8,5.5,9.1,,3.1,,,,1
LC1,BF,64,3.5,4.9,9.3,,3.9,,,,1
LC1,BF,67,2.5,4.2,5.2,,1.9,,,,1
LC1,BF,68,3.7,4.9,9.1,,2.6,,,,1
LC1,BF,70,2.5,3.5,8.4,,2.7,,,,1
LC1,BF,71,5.4,7.7,10.6,,4.5,,,,1
LC1,BF,72,2.2,3.1,6.2,,4,,,,1
LC1,BF,73,2.8,3.3,7.2,,4.3,,,,1
LC1,BF,74,4.5,5.8,9.3,,3.3,,,,1
LC1,BF,75,2.2,3.4,6.7,,2.5,,,,1
LC1,BF,76,2.4,3.3,6.7,,2.2,,,,1
LC1,BF,77,2.8,4.5,7.9,,0.98,,,,1
LC1,BF,78,2.4,3.9,7.5,,2.4,,,,1
LC1,BF,79,2.6,3.9,8.1,,3.6,,,,1
LC1,BF,80,3.9,5.5,9.5,,3,,,,1
LC1,BF,81,1.8,2,4.2,,2.1,,,,1
LC1,BF,82,3.2,3.5,5.8,,3.2,,,,1
LC1,BF,83,2.2,2.6,5.8,,3.8,,,,1
LC1,BF,84,1,1.2,4.4,,2.9,,,,1
LC1,BF,85,2.9,3.7,8.9,,3.6,,,,1
LC1,BF,86,3.8,5,8.4,,3.2,,,,1
LC1,BF,88,1.9,2.9,15,,7.6,,,,1
LC1,BF,91,1.7,1.9,13.7,,5.7,,,,1
LC1,BF,92,2.2,2.4,3.8,,1.9,,,,1
LC1,BF,93,3.1,2.4,5.9,,3.2,,,,1
LC1,BF,95,4.9,3.8,8.2,,4.8,,,,1
LC1,BF,96,1.1,1.5,10.8,,2.9,,,,1
LC1,BT,10,5.6,8.3,18.1,,6.2,,,,1
LC1,BT,21,0,,,,,,,dead,4
LC1,BT,49,5.4,8.6,17.6,,7.6,,,,1
LC1,BT,66,5,,4.2,,4.2,,,dead,4
LC1,BT,87,4.4,6.6,13.5,,7.4,,,,1
LC1,BT,90,3.5,5.8,4.8,,1.4,,,,1
LC1,BT,97,0,,3.3,,2.7,,,dead,4
LC1,RM,26,2.1,2.7,6.8,,3,,,,1
LC1,WP,69,2.7,3.9,7.1,,2.7,,,,1
LC1,WP,94,3.1,3.7,7.7,,4.4,,,,1
LC1,WS,6,2.2,2.6,3.7,25,1.3,7.6,,,1
LC1,WS,7,2.3,3.4,6.6,28.5,2.5,15.4,,,1
LC1,WS,8,,,4.7,,3.3,,,dead,4
LC1,WS,35,2.3,4.4,6.6,30.8,1.6,13.1,,,1
LC1,WS,40,1.1,1.5,3.3,11.9,0.32,6.1,,,1
LC1,WS,47,2.3,3.2,4.7,18.7,1.2,6.6,,,1
LC1,WS,50,1.6,2.7,3.4,14.6,1.1,5.8,,,1
LC1,WS,59,1.1,1.5,3,9.6,1.3,5,,,1
LC1,WS,60,1.2,,2.8,,0.92,,,dead,4
LC2,BF,1,1.2,1.5,3.5,,1.9,,,,1
LC2,BF,7,3.1,3.8,7.4,,2.7,,,,1
LC2,BF,8,2.7,,8,,3.3,,,dead,4
LC2,BF,9,5.4,6.7,10,,4.2,,,,1
LC2,BF,10,3.7,,7.9,,1.9,,,dead,4
LC2,BF,11,2.6,3.1,6.2,,2.9,,,,1
LC2,BF,12,2.2,2.9,5.4,,0.49,,,,1
LC2,BF,17,3.1,4.4,6.6,,0.95,,,,1
LC2,BF,19,2.5,3.1,6.6,,3.2,,,,1
LC2,BF,21,3.3,3.8,7.8,,2.1,,,,1
LC2,BF,22,2.7,3.5,6.4,,2.5,,,,1
LC2,BF,23,3.9,5.1,7.8,,0.6,,,,1
LC2,BF,31,2.1,2.4,6.1,,3.1,,,,1
LC2,BF,32,1.7,2,5.9,,4.2,,,,1
LC2,BF,33,2.2,2.7,6.4,,2.5,,,,1
LC2,BF,38,4.7,6,10,,3.5,,,,1
LC2,BF,39,2.6,3.3,7.1,,2.9,,,,1
LC2,BF,40,3.2,4.2,7.9,,2.3,,,,1
LC2,BF,41,2.6,3.4,6.2,,2.7,,,,1
LC2,BF,46,3.3,4.1,7.4,,2.4,,,,1
LC2,BF,47,2.2,2.7,5.2,,1.8,,,,1
LC2,BF,48,3.2,3.4,5.9,,2.6,,,,1
LC2,BF,49,1.9,2.1,5.1,,2.6,,,,1
LC2,BF,50,3,3.8,6.7,,2.5,,,,1
LC2,BF,52,4,4.8,8.3,,2.5,,,,1
LC2,BF,53,3.4,3.9,8.1,,4.5,,,,1
LC2,BF,57,1.7,2.1,5.36,,3.5,,,,1
LC2,BF,58,2.9,3.4,6.2,,3.2,,,,1
LC2,BF,59,3.3,,8.1,,3.2,,,dead,4
LC2,BF,60,5.5,6,9.8,,3.5,,,,1
LC2,BF,61,3.3,4,7.2,,2.8,,,,1
LC2,BF,62,2.2,2.5,5.5,,1.8,,,,1
LC2,BF,63,5.2,6,9.7,,1.5,,,,1
LC2,BF,67,1.7,1.9,5.5,,3.2,,,,1
LC2,BF,68,2.5,3.2,7.5,,3.1,,,,1
LC2,BF,69,3,3.7,7.8,,3.2,,,,1
LC2,BF,70,0.7,5.2,9.7,,2.6,,,,1
LC2,BF,71,3.3,4.2,7.4,,2.4,,,,1
LC2,BF,72,2.7,3.3,6.5,,2.3,,,,1
LC2,BF,73,2.9,3.7,7.4,,2.1,,,,1
LC2,BF,79,3.1,3.7,7,,2.5,,,,1
LC2,BF,80,1.6,1.9,4.8,,2.6,,,,1
LC2,BF,81,5,5.5,9.1,,2.2,,,,1
LC2,BF,82,4.1,5,8.9,,1.4,,,,1
LC2,BF,86,2,2.3,6,,2.3,,,,1
LC2,BF,87,3.7,,9.9,,2.8,,,dead,4
LC2,BF,88,3.1,3.7,5.7,,2.2,,,,1
LC2,BF,90,3.1,3.3,6,,1.5,,,,1
LC2,BF,91,2.6,3.4,7.2,,3.1,,,,1
LC2,BF,92,3.3,3.7,7.8,,2.9,,,,1
LC2,BF,96,2.7,3.3,6,,2,,,,1
LC2,BF,97,7,,9.1,,4.2,,,dead,4
LC2,BF,98,2.1,2.5,5.2,,2.5,,,,1
LC2,BF,99,2.8,3.1,5.9,,2,,,,1
LC2,BF,1,,2.8,,,,,,,10
LC2,BF,10,,2.2,,,,,,,10
LC2,BF,11,,2.6,,,,,,,10
LC2,BF,13,,2.2,,,,,,,10
LC2,BF,14,,1.5,,,,,,,10
LC2,BF,16,,3.1,,,,,,,10
LC2,BF,17,,3.1,,,,,,,10
LC2,BF,18,,2.5,,,,,,,10
LC2,BF,2,,4.9,,,,,,,10
LC2,BF,20,,2.6,,,,,,,10
LC2,BF,21,,3.6,,,,,,,10
LC2,BF,22,,4.1,,,,,,,10
LC2,BF,23,,3.7,,,,,,,10
LC2,BF,26,,3.9,,,,,,,10
LC2,BF,27,,3.9,,,,,,,10
LC2,BF,28,,3.6,,,,,,,10
LC2,BF,30,,2.3,,,,,,,10
LC2,BF,31,,2.6,,,,,,,10
LC2,BF,33,,4.3,,,,,,,10
LC2,BF,36,,4.3,,,,,,,10
LC2,BF,37,,3.5,,,,,,,10
LC2,BF,38,,2.7,,,,,,,10
LC2,BF,4,,2.5,,,,,,,10
LC2,BF,41,,2.3,,,,,,,10
LC2,BF,42,,2.1,,,,,,,10
LC2,BF,43,,3.1,,,,,,,10
LC2,BF,44,,2.7,,,,,,,10
LC2,BF,45,,1.5,,,,,,,10
LC2,BF,46,,2,,,,,,,10
LC2,BF,47,,2.7,,,,,,,10
LC2,BF,49,,2.7,,,,,,,10
LC2,BF,5,,2.2,,,,,,,10
LC2,BF,50,,4,,,,,,,10
LC2,BF,51,,1.6,,,,,,,10
LC2,BF,52,,2.6,,,,,,,10
LC2,BF,54,,4.9,,,,,,,10
LC2,BF,55,,2.2,,,,,,,10
LC2,BF,56,,3.7,,,,,,,10
LC2,BF,6,,1.5,,,,,,,10
LC2,BF,60,,2.9,,,,,,,10
LC2,BF,61,,3.2,,,,,,,10
LC2,BF,63,,1.6,,,,,,,10
LC2,BF,64,,3.5,,,,,,,10
LC2,BF,65,,1.8,,,,,,,10
LC2,BF,66,,2.1,,,,,,,10
LC2,BF,67,,3.4,,,,,,,10
LC2,BF,68,,4.1,,,,,,,10
LC2,BF,69,,1.6,,,,,,,10
LC2,BF,70,,2.4,,,,,,,10
LC2,BF,71,,2.1,,,,,,,10
LC2,BF,72,,5.2,,,,,,,10
LC2,BF,73,,1.5,,,,,,,10
LC2,BF,74,,5,,,,,,,10
LC2,BF,75,,2.2,,,,,,,10
LC2,BF,76,,2.1,,,,,,,10
LC2,BF,77,,3,,,,,,,10
LC2,BF,78,,3.2,,,,,,,10
LC2,BF,82,,3.2,,,,,,,10
LC2,BF,83,,1.9,,,,,,,10
LC2,BF,84,,1.6,,,,,,,10
LC2,BF,85,,3.2,,,,,,,10
LC2,BF,86,,3.8,,,,,,,10
LC2,BF,87,,3.1,,,,,,,10
LC2,BF,89,,4.4,,,,,,,10
LC2,BF,90,,3.8,,,,,,,10
LC2,BS,12,,2.2,,,,,,,10
LC2,BS,8,,2.2,,,,,,,10
LC2,BT,54,4.5,5.1,10.5,,3.4,,,,1
LC2,BT,65,3.3,3.7,9.7,,4.1,,,,1
LC2,BT,74,5.3,6.3,14,,6.2,,,,1
LC2,BT,78,7.2,8.7,15.3,,5.4,,,,1
LC2,BT,83,2.2,2.7,8.6,,5.1,,,,1
LC2,BT,89,5.8,6.4,14.7,,7.3,,,,1
LC2,BT,93,5.9,6.4,14.4,,3.7,,,,1
LC2,BT,95,4.2,4.8,12.7,,4.4,,,,1
LC2,BT,19,,2.4,,,,,,,10
LC2,BT,24,,6.1,,,,,,,10
LC2,BT,62,,6.6,,,,,,,10
LC2,EH,48,,3.8,,,,,,,10
LC2,GB,53,,2.5,,,,,,,10
LC2,PB,55,0.7,0.7,3.5,,1.4,,,,1
LC2,PB,77,3.4,3.9,10.9,,5.4,,,,1
LC2,PB,25,,2.3,,,,,,,10
LC2,QA,2,3.7,4,7.8,,3.6,,,,1
LC2,QA,4,5,6.4,11.8,,2.9,,,,1
LC2,QA,5,5.6,6.4,11.6,,4.3,,,,1
LC2,RO,15,,1.9,,,,,,,10
LC2,RO,34,,2.2,,,,,,,10
LC2,RO,9,,5,,,,,,,10
LC2,RS,3,2.1,3.5,4.9,,0.48,,,,1
LC2,RS,6,2.2,2.8,4.7,,0.45,,,,1
LC2,RS,28,4.5,5.6,7.2,,0.8,,,,1
LC2,RS,29,0,,,,,,,dead,4
LC2,RS,30,2.9,3.7,5.2,,0.7,,,,1
LC2,RS,35,4.3,5.7,6.7,,0.6,,,,1
LC2,RS,37,2.2,2.8,5.4,,2.6,,,,1
LC2,RS,84,1.5,2.4,4.3,,0.56,,,,1
LC2,RS,100,2.6,3.6,5.6,,0.75,,,,1
LC2,RS,35,,3.9,,,,,,,10
LC2,WA,13,2.9,3.8,8,,2.3,,,,1
LC2,WP,26,3.3,5.9,5.7,,0.9,,,,1
LC2,WP,42,3.9,5.3,7.2,,1.9,,,,1
LC2,WP,85,2.9,4.4,4.6,,0.9,,,,1
LC2,WP,29,,3.6,,,,,,,10
LC2,WP,32,,3.5,,,,,,,10
LC2,WP,40,,2.6,,,,,,,10
LC2,WP,57,,3.6,,,,,,,10
LC2,WP,58,,5.1,,,,,,,10
LC2,WP,59,,2.3,,,,,,,10
LC2,WP,7,,5.5,,,,,,,10
LC2,WP,79,,5.5,,,,,,,10
LC2,WP,80,,3.9,,,,,,,10
LC2,WP,81,,3.7,,,,,,,10
LC2,WP,88,,3.3,,,,,,,10
LC2,WS,18,1.9,,4.8,,1.9,,,dead,4
LC2,WS,27,2,2.4,3.8,17.9,0.1,7.5,,,1
LC2,WS,44,3.7,4.6,6.5,30.8,1.1,5.7,,,1
LC2,WS,51,5.5,6.8,9.8,40.3,3.5,14.7,,,1
LC2,WS,66,2.2,2.8,5.9,33.2,0.8,6.7,,,1
LC2,WS,3,,3.8,,,,,,,10
LC2,WS,39,,2.3,,,,,,,10
LC2,WS,91,,3.1,,,,,,,10
LC3,AB,132,,1.9,,,,,,,10
LC3,AB,134,,2.8,,,,,,,10
LC3,AB,136,,4.4,,,,,,,10
LC3,AB,137,,2,,,,,,,10
LC3,AB,140,,1.9,,,,,,,10
LC3,AB,141,,2.1,,,,,,,10
LC3,AB,149,,2.1,,,,,,,10
LC3,AB,150,,3.7,,,,,,,10
LC3,AB,182,,1.5,,,,,,,10
LC3,AB,188,,2,,,,,,,10
LC3,AB,210,,1.8,,,,,,,10
LC3,AB,212,,2.2,,,,,,,10
LC3,AB,280,,1.9,,,,,,,10
LC3,AB,284,,1.7,,,,,,,10
LC3,BC,183,,2.9,,,,,,,10
LC3,BC,189,,1.9,,,,,,,10
LC3,BC,207,,1.9,,,,,,,10
LC3,BF,5,3.2,4,8.2,29.6,2.9,14.5,,,1
LC3,BF,6,3.8,3.9,9.8,,2.4,,,,1
LC3,BF,11,4.3,5.2,9.3,,4.7,,,,1
LC3,BF,14,2.6,3.1,7,,4.5,,,,1
LC3,BF,15,3.5,4.3,7.9,36.9,5.2,18.8,,,1
LC3,BF,27,3.3,4,8.1,,3.9,,,,1
LC3,BF,28,2.5,3,5.7,,3.3,,,,1
LC3,BF,31,3.7,4,8,,5.7,,,,1
LC3,BF,35,3.7,4.4,8.3,,2.8,,,,1
LC3,BF,36,1.8,,5.4,,4.4,,,dead,4
LC3,BF,37,2.3,2.5,6.2,,4.4,,,,1
LC3,BF,45,3.2,3.9,7.4,,4.7,,,,1
LC3,BF,46,3,3.3,7.4,,5.3,,,,1
LC3,BF,47,2.3,2.6,7.2,,4.9,,,,1
LC3,BF,48,4.3,5,6.5,,3.4,,,,1
LC3,BF,49,2.9,3.5,6.9,,4.1,,,,1
LC3,BF,54,2.5,3,4.4,,0.5,,,,1
LC3,BF,55,4,4.8,9.4,,4.1,,,,1
LC3,BF,56,3.8,4.6,8.7,,5.7,,,,1
LC3,BF,57,2.9,3.7,6.9,,5.5,,,,1
LC3,BF,58,2.7,3.4,6.7,,4.8,,,,1
LC3,BF,59,3.3,3.8,6.6,,4.4,,,,1
LC3,BF,60,1,1.1,2.5,,2,,,,1
LC3,BF,61,4.4,5,8.8,,5.1,,,,1
LC3,BF,66,4,4.6,8.7,41.6,6.1,27.1,,,1
LC3,BF,67,2.4,2.7,6.4,,4.4,,,,1
LC3,BF,71,2.6,2.9,7.3,,5.7,,,,1
LC3,BF,72,2.9,2.6,4.8,,3.2,,,,1
LC3,BF,74,2.9,3.2,8.3,,4.2,,,,1
LC3,BF,75,3.7,4.3,8.6,,5.5,,,,1
LC3,BF,78,3,3.4,7,,4.5,,,,1
LC3,BF,81,4.6,5.4,10.5,,3.7,,,,1
LC3,BF,84,5,5.8,9.4,39.2,4,27,,,1
LC3,BF,85,3.1,3.6,8.2,34,4.8,22.4,,,1
LC3,BF,86,4.1,4.5,8.1,,5.2,,,,1
LC3,BF,88,4.3,5.3,10.5,,4.4,,,,1
LC3,BF,92,3.9,4.6,5.5,,3.4,,,,1
LC3,BF,96,5.2,6.1,10.9,,6.3,,,,1
LC3,BF,97,3.3,4,7.3,,4.9,,,,1
LC3,BF,98,1.9,2.1,5.7,,3.6,,,,1
LC3,BF,126,,3.5,,,,,,,10
LC3,BF,127,,2,,,,,,,10
LC3,BF,130,,2.1,,,,,,,10
LC3,BF,131,,2.3,,,,,,,10
LC3,BF,135,,1.7,,,,,,,10
LC3,BF,171,,4.7,,,,,,,10
LC3,BF,178,,3.8,,,,,,,10
LC3,BF,179,,3,,,,,,,10
LC3,BF,180,,2.3,,,,,,,10
LC3,BF,181,,3.6,,,,,,,10
LC3,BF,184,,1.7,,,,,,,10
LC3,BF,186,,3,,,,,,,10
LC3,BF,187,,2.6,,,,,,,10
LC3,BF,190,,2.7,,,,,,,10
LC3,BF,191,,3.4,,,,,,,10
LC3,BF,192,,1.5,,,,,,,10
LC3,BF,193,,2.5,,,,,,,10
LC3,BF,195,,2.6,,,,,,,10
LC3,BF,196,,2.1,,,,,,,10
LC3,BF,198,,2.6,,,,,,,10
LC3,BF,199,,2.3,,,,,,,10
LC3,BF,201,,2.4,,,,,,,10
LC3,BF,202,,5.2,,,,,,,10
LC3,BF,203,,4.5,,,,,,,10
LC3,BF,204,,2.3,,,,,,,10
LC3,BF,205,,3.5,,,,,,,10
LC3,BF,206,,2.8,,,,,,,10
LC3,BF,208,,2.1,,,,,,,10
LC3,BF,209,,5.5,,,,,,,10
LC3,BF,211,,4.5,,,,,,,10
LC3,BF,216,,3.7,,,,,,,10
LC3,BF,217,,2.6,,,,,,,10
LC3,BF,219,,2.3,,,,,,,10
LC3,BF,223,,3.2,,,,,,,10
LC3,BF,224,,3.1,,,,,,,10
LC3,BF,225,,2,,,,,,,10
LC3,BF,276,,2.6,,,,,,,10
LC3,BF,277,,1.6,,,,,,,10
LC3,BF,278,,3.7,,,,,,,10
LC3,BF,279,,3,,,,,,,10
LC3,BF,281,,1.9,,,,,,,10
LC3,BF,282,,3,,,,,,,10
LC3,BF,285,,2.4,,,,,,,10
LC3,BF,287,,2.1,,,,,,,10
LC3,BF,291,,2,,,,,,,10
LC3,BF,292,,3.3,,,,,,,10
LC3,BF,294,,3.1,,,,,,,10
LC3,BF,296,,3.1,,,,,,,10
LC3,BF,297,,2.9,,,,,,,10
LC3,BF,298,,1.6,,,,,,,10
LC3,BF,299,,2,,,,,,,10
LC3,BF,1001,,4.4,,,,,,,10
LC3,BT,9,3.7,4.2,9.7,51,6,27.5,,,1
LC3,BT,19,3.8,4,10.7,52.5,7.6,32.6,,,1
LC3,BT,20,4.4,5,11.6,65.2,5.7,30.7,,,1
LC3,BT,29,3.5,4.4,10.9,58.7,7.3,32.5,,,1
LC3,BT,30,5.3,6.3,13.3,58.3,9,38.1,,,1
LC3,BT,39,5,6.5,11.5,46,8.1,31.9,,,1
LC3,BT,40,6.6,7.8,12.5,55.1,8.7,33.7,,,1
LC3,BT,133,,3,,,,,,,10
LC3,NS,80,3.3,4.6,8.1,35.2,0.6,7,,,1
LC3,RM,3,2.6,2.4,7.8,31.2,3.1,17.7,,,1
LC3,RM,3,4.3,3.7,8.6,32.4,3.5,17.3,,,1
LC3,RM,18,0.9,0.9,4.3,16.4,2.1,11.1,,,1
LC3,RM,18,1.3,1.3,5.4,17.5,2.2,9.4,,,1
LC3,RM,53,2.4,3.2,7.3,24.8,2.2,16.7,,,1
LC3,RM,53,2.2,2.4,6.3,,3.1,,,,1
LC3,RM,138,,2.2,,,,,,,10
LC3,RM,139,,3.8,,,,,,,10
LC3,RM,176,,2.3,,,,,,,10
LC3,RM,177,,2.5,,,,,,,10
LC3,RM,290,,2.1,,,,,,,10
LC3,RM,293,,2.7,,,,,,,10
LC3,RM,295,,2.1,,,,,,,10
LC3,RO,89,2,2.9,6,,3.6,,,,1
LC3,RO,185,,1.9,,,,,,,10
LC3,RS,10,1.2,1.3,2.7,9.2,1.4,4,,,1
LC3,RS,23,2.9,3.5,7.1,33.5,3.8,7.5,,,1
LC3,RS,24,4.6,5.9,7.8,36.7,3.7,7.5,,,1
LC3,RS,69,2.3,2.7,4.5,20.9,0.6,7.5,,,1
LC3,RS,70,5,6.1,7.7,33.9,2,19.2,,,1
LC3,RS,220,,1.9,,,,,,,10
LC3,WP,25,3.8,4.7,8.1,41.7,4.6,19.9,,,1
LC3,WP,26,4.9,6.3,7.9,36.9,4.5,21,,,1
LC3,WP,38,5.2,5.9,7.3,32.3,4.4,22.5,,,1
LC3,WP,41,5,6.1,8.8,50.1,6,23.4,,,1
LC3,WP,77,4.8,5.9,7.4,32,4.3,20.8,,,1
LC3,WP,79,3.6,4.6,5.1,26.8,2.8,13.3,,,1
LC3,WP,95,6.4,7.9,8.5,41.2,5.1,16.7,,,1
LC3,WP,194,,5.9,,,,,,,10
LC3,WP,197,,6.2,,,,,,,10
LC3,WP,298,,1.7,,,,,,,10
LC3,WS,65,1.7,,5.2,,4.6,,,dead,4
LC3,WS,87,1.6,,4.3,,3.7,,,dead,4
LC3,WS,143,,2.5,,,,,,,10
LC3,WS,214,,1.7,,,,,,,10
LC3,WS,215,,2.7,,,,,,,10
LC3,WS,2100,,5,,,,,,,10
LC4,BF,1,2.2,3,5,,1.5,,,,1
LC4,BF,2,2,2.7,5,,1.7,,,,1
LC4,BF,3,3.8,4.9,8.9,,316,,,,1
LC4,BF,6,1.2,1.3,3.3,,1.4,,,,1
LC4,BF,7,2.4,2.9,6.6,28.9,3.1,16.7,,,1
LC4,BF,8,2.6,3.1,6.2,26.1,2.1,12.2,,,1
LC4,BF,9,1.5,2.2,3.1,,0.9,,,,1
LC4,BF,13,3.5,3.9,8.3,,4.3,,,,1
LC4,BF,14,3.5,4.4,8.4,,2.9,,,,1
LC4,BF,16,2.8,3.5,7.6,32.2,1.9,16.2,,,1
LC4,BF,17,3.5,4.2,8.8,,2.4,,,,1
LC4,BF,18,3.1,4.1,7.2,,2.7,,,,1
LC4,BF,21,2.3,2.8,6.4,28.8,3.8,15.3,,,1
LC4,BF,22,4,4.9,8.4,,3.6,,,,1
LC4,BF,23,2,2.3,5.8,,2.7,,,,1
LC4,BF,24,2.1,2.4,4.1,,1.7,,,,1
LC4,BF,26,3.5,4,8.9,,4.1,,,,1
LC4,BF,27,2.2,3,5.5,,1.2,,,,1
LC4,BF,30,3.1,3.9,6.7,,2.1,,,,1
LC4,BF,31,3.1,3.6,7.4,,3.4,,,,1
LC4,BF,32,3.2,3.9,6.9,,4,,,,1
LC4,BF,33,3.7,4.6,8.5,35.4,2.3,16.1,,,1
LC4,BF,38,3.5,4.4,7,,1.7,,,,1
LC4,BF,40,1.7,2.1,5.5,24,2.1,13.2,,,1
LC4,BF,45,3.7,4.5,8.7,29.3,4.6,11.7,,,1
LC4,BF,47,4.4,5.4,8.8,,1.9,,,,1
LC4,BF,48,2.3,2.7,4.6,,3,,,,1
LC4,BF,49,1.5,1.8,3.3,11.6,2.6,5.6,,,1
LC4,BF,50,1.9,2.3,4.1,,1.9,,,,1
LC4,BF,55,3.1,3.8,7.4,,1.7,,,,1
LC4,BF,57,3.7,4.7,7.3,,2.3,,,,1
LC4,BF,62,3,4.2,5.4,,1.6,,,,1
LC4,BF,63,1.7,2.4,4.3,,1.1,,,,1
LC4,BF,66,2.9,3.7,6.5,31.3,0.4,11.9,,,1
LC4,BF,74,1.6,2.2,4.1,,1,,,,1
LC4,BF,75,2.4,3.1,5.9,,1.2,,,,1
LC4,BF,76,2.8,3.7,6.8,29.2,1.2,7,,,1
LC4,BF,77,2.7,3.6,5.6,,2.2,,,,1
LC4,BF,80,2,2.7,4.2,,1.3,,,,1
LC4,BF,85,2.1,2.7,4.1,,1.4,,,,1
LC4,BF,87,2.9,3.5,5.6,,1.8,,,,1
LC4,BF,88,2.5,3,5.5,,2.3,,,,1
LC4,BF,89,3.1,3.9,6.5,,1.7,,,,1
LC4,BF,91,1.9,2.3,4.9,,2.3,,,102,1
LC4,BF,91,2.4,3.2,6.3,,2.7,,,,1
LC4,BF,92,2.9,4.1,6.2,,1.6,,,,1
LC4,BF,97,2.2,2.7,4.7,,1.6,,,,1
LC4,BF,98,3.3,4.2,7,,0.9,,,,1
LC4,BF,100,2.5,3.4,5.2,,0.8,,,,1
LC4,BF,1302,,3.2,,,,,,,10
LC4,BF,1402,,2,,,,,,,10
LC4,BF,1502,,2.9,,,,,,,10
LC4,BF,1602,,3.4,,,,,,,10
LC4,BF,1702,,2,,,,,,,10
LC4,BF,1802,,2.4,,,,,,,10
LC4,BF,1902,,2.3,,,,,,,10
LC4,BF,2102,,2.7,,,,,,,10
LC4,BF,2302,,2.2,,,,,,,10
LC4,BF,2402,,2.6,,,,,,,10
LC4,BF,2502,,2.2,,,,,,,10
LC4,BF,2702,,2.9,,,,,,,10
LC4,BF,2802,,3.1,,,,,,,10
LC4,BF,2902,,2.4,,,,,,,10
LC4,BF,3002,,2.3,,,,,,,10
LC4,BF,3602,,3.1,,,,,,,10
LC4,BF,3702,,2.2,,,,,,,10
LC4,BF,4302,,1.9,,,,,,,10
LC4,BF,4402,,1.6,,,,,,,10
LC4,BF,4502,,4.6,,,,,,,10
LC4,BF,4602,,3.2,,,,,,,10
LC4,BF,4702,,2,,,,,,,10
LC4,BF,4802,,1.9,,,,,,,10
LC4,BF,4902,,3.1,,,,,,,10
LC4,BF,5002,,2,,,,,,,10
LC4,BF,5202,,1.8,,,,,,,10
LC4,BF,5302,,1.9,,,,,,,10
LC4,BF,5402,,3.2,,,,,,,10
LC4,BF,5702,,3,,,,,,,10
LC4,BF,5802,,2.8,,,,,,,10
LC4,BF,5902,,2.4,,,,,,,10
LC4,BF,6202,,3.1,,,,,,,10
LC4,BF,7502,,3.4,,,,,,,10
LC4,BF,7602,,2.2,,,,,,,10
LC4,BF,7702,,2.3,,,,,,,10
LC4,BF,7802,,2.3,,,,,,,10
LC4,BF,8002,,1.6,,,,,,,10
LC4,BF,8102,,3.4,,,,,,,10
LC4,BF,8302,,3,,,,,,,10
LC4,BF,8502,,3.1,,,,,,,10
LC4,BF,8902,,3.1,,,,,,,10
LC4,BF,9002,,2.2,,,,,,,10
LC4,BF,9102,,3.6,,,,,,,10
LC4,BT,4,2,2.6,8.4,31.9,4.7,22,,,1
LC4,BT,10,4.4,5.8,13,50.8,8.8,36,,,1
LC4,BT,11,5,6,12.7,38.1,7.9,28.4,,,1
LC4,BT,20,4.7,6,10.9,,8.6,,,,1
LC4,BT,36,2.9,3.8,9.2,40.1,5.2,22.1,,1110,1
LC4,BT,41,4.1,5.4,13.9,,6.6,,,109,1
LC4,BT,43,3.2,3.7,10.6,,7.8,,,,1
LC4,BT,51,3.4,4.2,11.4,,7.5,,,,1
LC4,BT,53,4.2,4.3,11.5,,7.1,,,,1
LC4,BT,64,2.6,2.7,6.9,,4.3,,,,1
LC4,BT,64,3.6,4.4,10.6,38.8,5.5,24.3,,106,1
LC4,BT,67,2.1,2.6,7.2,,4.1,,,,1
LC4,BT,71,4.1,5.2,12.6,48.7,7.2,31.1,,,1
LC4,BT,73,3.4,3.7,10.9,,7.3,,,105,1
LC4,BT,81,3.1,3.7,9.5,34.7,6.1,23.1,,,1
LC4,BT,84,6.1,7,12.3,,4.7,,,,1
LC4,BT,86,3.9,4.6,9.6,39.4,4.5,24.9,,103,1
LC4,BT,90,3.4,4.4,9.5,38.8,4.6,25.3,,,1
LC4,BT,96,5,6.3,11.4,43.8,5.8,22.8,,101,1
LC4,BT,99,3.3,4,9,,3.4,,,,1
LC4,BT,3102,,3.3,,,,,,,10
LC4,BT,4102,,2.2,,,,,,,10
LC4,BT,4202,,5.4,,,,,,,10
LC4,BT,5102,,2.6,,,,,,,10
LC4,BT,5502,,5.4,,,,,,,10
LC4,BT,5602,,4,,,,,,,10
LC4,GB,3302,,2.3,,,,,,,10
LC4,GB,6002,,2.9,,,,,,,10
LC4,GB,7202,,1.9,,,,,,,10
LC4,GB,7302,,2.2,,,,,,,10
LC4,GB,7902,,3.2,,,,,,,10
LC4,PB,3202,,1.5,,,,,,,10
LC4,PB,3802,,2.3,,,,,,,10
LC4,PB,7402,,2.6,,,,,,,10
LC4,RM,35,5.7,7,12.4,48,4.8,25.6,,,1
LC4,RM,56,3.4,3.3,9.2,32.3,6.1,20.7,,,1
LC4,RM,56,1,2.9,4.8,32.3,4.1,20.7,,108,1
LC4,RM,70,3.1,3.3,12.3,47.5,2.8,18.8,,,1
LC4,RM,70,3,3.3,10.1,47.5,3.1,18.8,,107,1
LC4,RM,4002,,3.4,,,,,,,10
LC4,RM,6302,,3.6,,,,,,,10
LC4,RM,6402,,2.9,,,,,,,10
LC4,RM,6502,,3.6,,,,,,,10
LC4,RM,6602,,3.8,,,,,,,10
LC4,RM,6702,,3.6,,,,,,,10
LC4,RM,6802,,2.2,,,,,,,10
LC4,RM,6902,,1.6,,,,,,,10
LC4,RM,7002,,2,,,,,,,10
LC4,RM,7102,,1.8,,,,,,,10
LC4,RO,3902,,2.5,,,,,,,10
LC4,RO,6102,,1.8,,,,,,,10
LC4,RS,29,4.2,5.1,6.5,29.1,1.1,8.4,,,1
LC4,RS,52,3.3,3.9,6.7,28,3.4,9.7,,,1
LC4,RS,78,1.6,2.3,3.7,17.9,0.7,3.2,,104,1
LC4,WP,1202,,2.8,,,,,,,10
LC4,WS,5,3.6,4,6.2,26.6,3.1,7.2,,,1
LC4,WS,25,3.8,4.1,7.8,33,4,13.5,,,1
LC4,WS,37,0,,0.8,,0.6,,,dead,4
LC4,WS,54,2.4,3.3,5.2,22.9,0.7,6.5,,,1
LC4,WS,83,2.4,2.9,4.8,23.4,1.6,10,,,1
LC4,WS,93,3.1,4.1,5.6,26.5,3,7.6,,,1
LC4,WS,94,2.6,2.4,4.2,19.2,1.9,11,,,1
LC4,WS,2002,,1.8,,,,,,,10
LC4,WS,2602,,1.6,,,,,,,10
LC4,WS,3402,,1.8,,,,,,,10
LC4,WS,3502,,4,,,,,,,10
LC4,WS,8202,,1.7,,,,,,,10
LC4,WS,8402,,2.1,,,,,,,10
LC4,WS,8602,,1.9,,,,,,,10
LC4,WS,8702,,2.4,,,,,,,10
LC4,WS,8802,,2.2,,,,,,,10
LC4,YB,2202,,2.3,,,,,,,10
MC1,AB,601,,1.7,,,,,,,10
MC1,BF,3,2.4,3,5.9,,1.4,,,,1
MC1,BF,5,1.8,2.1,3.6,,1.1,,,,1
MC1,BF,6,3.1,3.9,6.8,,2.3,,,,1
MC1,BF,7,1.2,1.1,2.9,,1.7,,,,1
MC1,BF,8,3.7,4.4,7.9,,1.7,,,,1
MC1,BF,9,2.9,3.8,6,,2,,,,1
MC1,BF,10,2.5,2.8,4.7,,1.8,,,,1
MC1,BF,12,4,4.9,8.4,,2.7,,,,1
MC1,BF,16,4.3,4.6,9.2,,2.5,,,,1
MC1,BF,17,2.4,,5.2,,2.7,,,dead,4
MC1,BF,18,2,2.4,5,,3,,,,1
MC1,BF,19,8.5,5.7,8.6,,1.5,,,,1
MC1,BF,21,3.5,4.1,6.4,,3.2,,,,1
MC1,BF,22,4.4,5.1,8.4,,3.2,,,,1
MC1,BF,26,2,2.3,5,,2,,,,1
MC1,BF,27,2.8,2.9,5.9,,1.9,,,,1
MC1,BF,31,2,2.3,4.7,,2.3,,,,1
MC1,BF,32,4.2,4.9,7.6,,1.9,,,,1
MC1,BF,33,3.1,4.1,5.6,,0.1,,,,1
MC1,BF,37,4.4,5.2,8.8,,2.5,,,,1
MC1,BF,43,3.8,4.2,7.3,,2.9,,,,1
MC1,BF,47,2.7,3.5,5.5,,1.5,,,,1
MC1,BF,48,3.9,5,8,,1.6,,,,1
MC1,BF,50,2.3,3.2,4.5,,0.1,,,,1
MC1,BF,52,3.3,4.2,6.5,,1.4,,,,1
MC1,BF,58,3.5,4.4,7.3,,1.9,,,,1
MC1,BF,59,1.7,2.5,4.5,,0.4,,,,1
MC1,BF,61,2.5,3,6.1,,2.5,,,,1
MC1,BF,62,5,5.8,10.1,,2.2,,,,1
MC1,BF,66,4,5.3,8.4,,0.85,,,,1
MC1,BF,67,3.3,3.4,4.8,,0.9,,,,1
MC1,BF,70,1.3,1.5,3.2,,1.4,,,,1
MC1,BF,71,3.1,4,6,,1.4,,,,1
MC1,BF,73,0,,,,,,,dead,4
MC1,BF,74,3.1,4,6.4,,1.4,,,,1
MC1,BF,77,1.8,2,4,,0.7,,,,1
MC1,BF,78,2.5,3.4,5,,0.85,,,,1
MC1,BF,80,3.2,4.2,7.1,,2.1,,,,1
MC1,BF,83,4.5,5.3,8.3,,1.4,,,,1
MC1,BF,84,3.7,4.3,9.1,,2,,,,1
MC1,BF,87,3.5,4.8,6.8,,0.45,,,,1
MC1,BF,88,2.1,2.8,5,,0.75,,,,1
MC1,BF,89,0.9,1.2,2.4,,1.1,,,,1
MC1,BF,92,3.5,4.7,7.1,,1.6,,,,1
MC1,BF,201,,2.2,,,,,,,10
MC1,BF,901,,2.1,,,,,,,10
MC1,BF,1101,,2.2,,,,,,,10
MC1,BF,1401,,2.8,,,,,,,10
MC1,BF,2101,,3.8,,,,,,,10
MC1,BF,2201,,4.3,,,,,,,10
MC1,BF,2601,,2.1,,,,,,,10
MC1,BF,3301,,2.6,,,,,,,10
MC1,BF,3401,,3.7,,,,,,,10
MC1,BF,3701,,1.9,,,,,,,10
MC1,BF,3801,,1.8,,,,,,,10
MC1,BF,3901,,2.9,,,,,,,10
MC1,BF,4001,,1.8,,,,,,,10
MC1,BF,4102,,1.8,,,,,,,10
MC1,BF,4901,,2.8,,,,,,,10
MC1,BF,5001,,1.7,,,,,,,10
MC1,BF,5201,,1.6,,,,,,,10
MC1,BF,5501,,1.7,,,,,,,10
MC1,BF,5601,,2.2,,,,,,,10
MC1,BF,6001,,3.5,,,,,,,10
MC1,BF,6101,,4,,,,,,,10
MC1,BF,6301,,2.3,,,,,,,10
MC1,BF,6401,,1.7,,,,,,,10
MC1,BF,7201,,1.6,,,,,,,10
MC1,BF,7801,,2.4,,,,,,,10
MC1,BF,8201,,2,,,,,,,10
MC1,BF,8301,,2.2,,,,,,,10
MC1,BF,8901,,2.6,,,,,,,10
MC1,BF,9801,,3.6,,,,,,,10
MC1,BT,8501,,6.8,,,,,,,10
MC1,PB,101,,1.5,,,,,,,10
MC1,PB,301,,2.1,,,,,,,10
MC1,PB,302,,2.8,,,,,,,10
MC1,PB,401,,2.9,,,,,,,10
MC1,PB,402,,1.8,,,,,,,10
MC1,PB,501,,3,,,,,,,10
MC1,PB,502,,2.6,,,,,,,10
MC1,PB,701,,2,,,,,,,10
MC1,PB,702,,3.8,,,,,,,10
MC1,PB,801,,1.6,,,,,,,10
MC1,PB,802,,3.5,,,,,,,10
MC1,PB,902,,3.9,,,,,,,10
MC1,PB,1201,,2,,,,,,,10
MC1,PB,1301,,2.7,,,,,,,10
MC1,PB,2001,,1.7,,,,,,,10
MC1,PB,2301,,2.8,,,,,,,10
MC1,PB,2701,,1.5,,,,,,,10
MC1,PB,2801,,1.8,,,,,,,10
MC1,PB,2901,,1.5,,,,,,,10
MC1,PB,3001,,2,,,,,,,10
MC1,PB,3601,,2.1,,,,,,,10
MC1,PB,4401,,3.8,,,,,,,10
MC1,PB,4501,,1.8,,,,,,,10
MC1,PB,4701,,2.1,,,,,,,10
MC1,PB,4801,,2.4,,,,,,,10
MC1,PB,5401,,2.2,,,,,,,10
MC1,PB,6201,,1.9,,,,,,,10
MC1,PB,6601,,3.1,,,,,,,10
MC1,PB,6701,,5.3,,,,,,,10
MC1,PB,6901,,2.9,,,,,,,10
MC1,PB,7001,,1.6,,,,,,,10
MC1,PB,7301,,1.8,,,,,,,10
MC1,PB,7501,,2.5,,,,,,,10
MC1,PB,7601,,1.7,,,,,,,10
MC1,PB,7701,,1.5,,,,,,,10
MC1,PB,8001,,3,,,,,,,10
MC1,PB,8101,,2.4,,,,,,,10
MC1,PB,8401,,2,,,,,,,10
MC1,PB,9001,,2.9,,,,,,,10
MC1,PB,9201,,2.2,,,,,,,10
MC1,QA,8701,,4.2,,,,,,,10
MC1,QA,9301,,5.7,,,,,,,10
MC1,RM,1501,,2.4,,,,,,,10
MC1,RM,1601,,2.2,,,,,,,10
MC1,RM,1701,,2.4,,,,,,,10
MC1,RM,1801,,1.7,,,,,,,10
MC1,RM,1901,,2.3,,,,,,,10
MC1,RM,2401,,1.6,,,,,,,10
MC1,RM,3201,,2.5,,,,,,,10
MC1,RM,4301,,1.5,,,,,,,10
MC1,RO,1001,,1.8,,,,,,,10
MC1,RO,4201,,3.8,,,,,,,10
MC1,RO,8801,,1.6,,,,,,,10
MC1,RO,9401,,2.7,,,,,,,10
MC1,RO,9501,,2.3,,,,,,,10
MC1,UNK,202,,2.1,,,,,,,10
MC1,UNK,7901,,1.7,,,,,,,10
MC1,UNK,9601,,2,,,,,,,10
MC1,UNK,9701,,2.7,,,,,,,10
MC1,UNK,9901,,2.5,,,,,,,10
MC1,UNK,10001,,1.7,,,,,,,10
MC1,WA,2501,,2.1,,,,,,,10
MC1,WA,5301,,1.6,,,,,,,10
MC1,WA,5701,,1.6,,,,,,,10
MC1,WA,6501,,2.6,,,,,,,10
MC1,WA,6801,,1.7,,,,,,,10
MC1,WA,7101,,5.3,,,,,,,10
MC1,WA,7401,,3.1,,,,,,,10
MC1,WA,8601,,2.1,,,,,,,10
MC1,WA,9101,,3.3,,,,,,,10
MC1,WP,3101,,1.7,,,,,,,10
MC1,WP,5901,,2.2,,,,,,,10
MC1,WS,2,1,1,2.8,,1.1,,,,1
MC1,WS,13,1.4,1.5,2.9,11.1,1.1,6,,,1
MC1,WS,14,1.4,1.3,3,11.4,1.2,5.4,,,1
MC1,WS,15,5,5.7,6.7,,1.7,,,,1
MC1,WS,20,0.6,,1.8,,0.85,,,dead,4
MC1,WS,25,1.6,1.8,3.4,,1.2,,,,1
MC1,WS,29,2,3,3.3,,0.9,,,,1
MC1,WS,34,1.8,2.4,4,16.5,0.1,4.7,,,1
MC1,WS,35,1.5,1.9,3.2,13.3,0.7,4.5,,,1
MC1,WS,36,1.4,1.8,3.4,13.8,1.1,5.3,,,1
MC1,WS,38,1.5,2.4,3.2,,0.95,,,,1
MC1,WS,39,1.1,2.1,2.4,,0.9,,,,1
MC1,WS,44,2.2,2.6,4.6,,1.1,,,,1
MC1,WS,49,0.9,1.6,2.3,,0.85,,,,1
MC1,WS,51,0,,1.7,,0.75,,,dead,4
MC1,WS,54,1.9,2.5,3.4,,0.95,,,,1
MC1,WS,55,2.4,4.7,4.2,17.3,0.8,5.6,,,1
MC1,WS,56,1.5,1.6,3,11.8,0.1,5.2,,,1
MC1,WS,63,0,,1.2,,0.7,,,dead,4
MC1,WS,64,1.2,1.7,2.5,,0.1,,,,1
MC1,WS,65,1,1.3,2.5,11.3,0.8,4.6,,,1
MC1,WS,68,1.4,1.8,3.3,,0.7,,,,1
MC1,WS,69,1.8,3.6,4.3,,1.2,,,,1
MC1,WS,75,0,,0.9,,0.65,,,dead,4
MC1,WS,81,1.6,2.1,3.8,,0.825,,,,1
MC1,WS,85,1.7,2,3.6,,1.1,,,,1
MC1,WS,86,2,1.4,4.1,18.5,1.1,8.2,,,1
MC1,WS,90,0,,,,,,,dead,4
MC1,WS,90,0,,,,,,,dead,4
MC1,WS,93,1,1,2.7,9.7,0.95,6,,,1
MC1,WS,94,0,,1.35,,1,,,dead,4
MC1,WS,95,0,,1.1,,0.4,,,dead,4
MC1,WS,96,2.1,2.7,3.9,,0.6,,,,1
MC1,WS,98,0,,1.2,,0.45,,,dead,4
MC1,WS,4601,,2.8,,,,,,,10
MC1,YB,3501,,1.5,,,,,,,10
MC1,YB,5101,,2.2,,,,,,,10
MC1,YB,5801,,1.9,,,,,,,10
MC2,AB,113,,1.8,,,,,,,10
MC2,AB,116,,2.7,,,,,,,10
MC2,AB,118,,3,,,,,,,10
MC2,AB,135,,1.9,,,,,,,10
MC2,AB,147,,1.7,,,,,,,10
MC2,AB,151,,1.9,,,,,,,10
MC2,AB,184,,2.3,,,,,,,10
MC2,BF,2,2.6,3.3,6.8,,1.9,,,,1
MC2,BF,3,6.1,7.2,10.7,,2.1,,,,1
MC2,BF,5,3.7,4.4,9.1,,3.5,,,,1
MC2,BF,6,3,4.1,7.2,,1.8,,,,1
MC2,BF,9,3.4,4.5,7.5,,1.6,,,,1
MC2,BF,10,2,2.3,6,,3.6,,,,1
MC2,BF,14,3.3,4.1,7.2,,3.3,,,,1
MC2,BF,15,6.4,7.1,9.8,,2.7,,,,1
MC2,BF,20,2.2,2.5,5.5,,2.7,,,,1
MC2,BF,23,5.2,6.1,9.5,,2.7,,,,1
MC2,BF,24,7.7,8.6,11.7,,3.4,,,,1
MC2,BF,25,3.1,3.8,7.8,,3.3,,,,1
MC2,BF,26,4.2,5,8.4,,2.9,,,,1
MC2,BF,30,2,2.1,6.3,,5.7,,,,1
MC2,BF,32,3.5,4.2,7.5,,3.1,,,,1
MC2,BF,33,1.5,1.5,5.2,,3.9,,,,1
MC2,BF,34,3.5,4.2,8.2,,5.2,,,,1
MC2,BF,35,2.5,2.5,6.8,,4.1,,,,1
MC2,BF,36,3.1,3.6,7.1,,3.3,,,,1
MC2,BF,37,1.8,2.1,4.9,,3,,,,1
MC2,BF,38,3.1,3.6,5.1,,2.3,,,,1
MC2,BF,40,4.1,4.3,9.8,,3.1,,,,1
MC2,BF,42,3.7,4.3,7.7,,2.8,,,,1
MC2,BF,44,1.9,1.9,5.9,,3.5,,,,1
MC2,BF,45,4.1,4.5,8.2,,3.9,,,,1
MC2,BF,46,3.9,4.7,8.7,,3.7,,,,1
MC2,BF,50,4.1,5.1,9.1,,3.2,,,,1
MC2,BF,52,3.3,3.6,7.4,,3.8,,,,1
MC2,BF,53,4.3,4.8,9.7,,4.2,,,,1
MC2,BF,56,3.8,4.4,8.3,,5,,,,1
MC2,BF,57,3,4.5,7.8,,2.7,,,,1
MC2,BF,58,2.9,3.5,6.8,,2.1,,,,1
MC2,BF,60,5.6,7.1,9.8,,2,,,,1
MC2,BF,62,5,5.3,8.6,,2.6,,,,1
MC2,BF,63,3,3.4,8.8,,4.5,,,,1
MC2,BF,66,2.4,2.7,5.7,,2.7,,,,1
MC2,BF,67,4.2,4.8,8.4,,3.4,,,,1
MC2,BF,68,3.2,3.5,2.2,,3.7,,,,1
MC2,BF,73,4.1,4.3,7.6,,2.8,,,,1
MC2,BF,74,5.2,6,9.3,,1.8,,,,1
MC2,BF,75,4.7,5.4,9.1,,2.6,,,,1
MC2,BF,78,5.5,7.1,9.5,,3.3,,,,1
MC2,BF,81,5.6,6.4,9.1,,1.4,,,,1
MC2,BF,85,4.1,4.3,8.6,,4,,,,1
MC2,BF,87,5.8,6.5,10.1,,2.6,,,,1
MC2,BF,94,3.2,3.2,4.7,,3.3,,,,1
MC2,BF,95,6.7,7.4,9.2,,5,,,,1
MC2,BF,96,3.3,3.5,8.5,,4.4,,,,1
MC2,BF,97,4.4,4.8,8.8,,3.6,,,,1
MC2,BF,103,,3.7,,,,,,,10
MC2,BF,106,,1.5,,,,,,,10
MC2,BF,110,,5.3,,,,,,,10
MC2,BF,111,,2.9,,,,,,,10
MC2,BF,117,,3.4,,,,,,,10
MC2,BF,119,,2.8,,,,,,,10
MC2,BF,122,,2.8,,,,,,,10
MC2,BF,125,,3.1,,,,,,,10
MC2,BF,126,,3.4,,,,,,,10
MC2,BF,127,,3,,,,,,,10
MC2,BF,128,,4.1,,,,,,,10
MC2,BF,129,,2.4,,,,,,,10
MC2,BF,130,,3.1,,,,,,,10
MC2,BF,131,,3.6,,,,,,,10
MC2,BF,132,,3.8,,,,,,,10
MC2,BF,133,,5.6,,,,,,,10
MC2,BF,134,,4.1,,,,,,,10
MC2,BF,136,,3.5,,,,,,,10
MC2,BF,137,,3.9,,,,,,,10
MC2,BF,138,,3.1,,,,,,,10
MC2,BF,140,,2.4,,,,,,,10
MC2,BF,141,,4.5,,,,,,,10
MC2,BF,142,,3.4,,,,,,,10
MC2,BF,143,,1.8,,,,,,,10
MC2,BF,144,,2.7,,,,,,,10
MC2,BF,145,,1.8,,,,,,,10
MC2,BF,146,,3.2,,,,,,,10
MC2,BF,148,,2,,,,,,,10
MC2,BF,149,,4.6,,,,,,,10
MC2,BF,150,,2.4,,,,,,,10
MC2,BF,152,,3.5,,,,,,,10
MC2,BF,153,,4,,,,,,,10
MC2,BF,154,,2.9,,,,,,,10
MC2,BF,157,,2.7,,,,,,,10
MC2,BF,158,,4.8,,,,,,,10
MC2,BF,159,,3.2,,,,,,,10
MC2,BF,160,,4,,,,,,,10
MC2,BF,161,,3.2,,,,,,,10
MC2,BF,162,,2.4,,,,,,,10
MC2,BF,163,,2.4,,,,,,,10
MC2,BF,166,,3.2,,,,,,,10
MC2,BF,167,,3.8,,,,,,,10
MC2,BF,172,,2.2,,,,,,,10
MC2,BF,173,,2.7,,,,,,,10
MC2,BF,174,,2.1,,,,,,,10
MC2,BF,175,,1.6,,,,,,,10
MC2,BF,176,,3.6,,,,,,,10
MC2,BF,177,,1.7,,,,,,,10
MC2,BF,178,,1.8,,,,,,,10
MC2,BF,179,,2.1,,,,,,,10
MC2,BF,180,,1.9,,,,,,,10
MC2,BF,181,,2.4,,,,,,,10
MC2,BF,182,,2.6,,,,,,,10
MC2,BF,185,,3.3,,,,,,,10
MC2,BF,186,,4.7,,,,,,,10
MC2,BF,187,,3.6,,,,,,,10
MC2,BF,188,,1.8,,,,,,,10
MC2,BF,189,,2,,,,,,,10
MC2,BF,190,,2.9,,,,,,,10
MC2,BF,191,,1.6,,,,,,,10
MC2,BF,194,,1.7,,,,,,,10
MC2,BF,195,,4.2,,,,,,,10
MC2,BF,196,,4.4,,,,,,,10
MC2,BF,216,,1.8,,,,,,,10
MC2,BF,223,,4,,,,,,,10
MC2,BF,289,,2.2,,,,,,,10
MC2,BF,290,,5.4,,,,,,,10
MC2,BF,294,,7.6,,,,,,,10
MC2,BF,295,,3.8,,,,,,,10
MC2,BF,296,,2.9,,,,,,,10
MC2,BF,298,,1.8,,,,,,,10
MC2,BF,299,,2.6,,,,,,,10
MC2,BF,1001,,2.5,,,,,,,10
MC2,BF,1100,,2.9,,,,,,,10
MC2,BT,104,,5.7,,,,,,,10
MC2,BT,105,,5.5,,,,,,,10
MC2,BT,156,,6.7,,,,,,,10
MC2,BT,198,,2.1,,,,,,,10
MC2,BT,199,,4,,,,,,,10
MC2,NS,109,,5.6,,,,,,,10
MC2,PB,121,,2,,,,,,,10
MC2,PB,155,,3.2,,,,,,,10
MC2,PB,169,,3.3,,,,,,,10
MC2,PB,170,,1.9,,,,,,,10
MC2,PB,192,,4.3,,,,,,,10
MC2,RM,115,,2.1,,,,,,,10
MC2,RO,108,,6,,,,,,,10
MC2,RO,165,,1.9,,,,,,,10
MC2,RO,193,,2.2,,,,,,,10
MC2,RO,197,,2.2,,,,,,,10
MC2,RO,297,,3,,,,,,,10
MC2,RS,47,3.7,4.1,6.2,,2.2,,,,1
MC2,RS,77,2.3,2.7,5.1,,1.1,,,,1
MC2,WP,84,3.9,4.8,6.3,,2.3,,,,1
MC2,WP,92,3.7,4.3,7.2,,2.7,,,,1
MC2,WP,101,,5.5,,,,,,,10
MC2,WP,102,,5.9,,,,,,,10
MC2,WP,107,,2.7,,,,,,,10
MC2,WP,114,,4.8,,,,,,,10
MC2,WP,123,,7.2,,,,,,,10
MC2,WP,124,,6,,,,,,,10
MC2,WP,139,,5.8,,,,,,,10
MC2,WS,1,1.3,1.3,3.8,14.9,1.7,10.6,,,1
MC2,WS,4,0,,,,,,,dead,4
MC2,WS,7,1.2,1.5,2.8,,0.73,,,,1
MC2,WS,8,1.7,2.1,3.8,,1.1,,,,1
MC2,WS,12,1.3,1.5,3.5,,0.67,,,,1
MC2,WS,13,0,,,,,,,dead,4
MC2,WS,16,0,,1.4,,0.75,,,dead,4
MC2,WS,17,1.2,1.3,3.3,,1.4,,,,1
MC2,WS,18,1,1.1,2.8,,1.1,,,,1
MC2,WS,19,4.4,5,8.2,,2.6,,,,1
MC2,WS,21,1.8,2,3.6,,0.61,,,,1
MC2,WS,22,0.9,1,2.4,,1.7,,,,1
MC2,WS,27,0.6,0.6,2,,0.7,,,,1
MC2,WS,28,0.6,,1.8,,0.48,,,dead,4
MC2,WS,29,0.3,,1.7,,0.9,,,dead,4
MC2,WS,31,0,,,,,,,dead,4
MC2,WS,39,0.5,,1.8,,0.75,,,dead,4
MC2,WS,41,0,,0.47,,0.47,,,dead,4
MC2,WS,43,0,,,,,,,dead,4
MC2,WS,48,0.9,,2.5,,0.67,,,dead,4
MC2,WS,49,1.2,1.4,3.3,,0.95,,,,1
MC2,WS,51,0,,,,,,,dead,4
MC2,WS,54,0.6,,2.1,,0.88,,,dead,4
MC2,WS,55,1.5,,3.6,,1.4,,,dead,4
MC2,WS,59,0.5,,1.9,,0.5,,,dead,4
MC2,WS,61,0.4,,1.7,,0.86,,,dead,4
MC2,WS,64,1.3,,3.9,,0.7,,,dead,4
MC2,WS,65,1.3,1.5,3.1,,1.1,,,,1
MC2,WS,69,1.4,1.3,4,,1.8,,,,1
MC2,WS,70,0.7,0.7,2.2,8.5,0.85,4.2,,,1
MC2,WS,72,1.3,,2.9,,0.74,,,dead,4
MC2,WS,76,0.4,,1.7,,0.94,,,dead,4
MC2,WS,76,0.6,,2.4,,0.8,,,dead,4
MC2,WS,79,1.6,1.6,4.5,13.4,1.9,12.6,,,1
MC2,WS,80,1.7,1.7,3.8,,1.1,,,,1
MC2,WS,82,1.1,,2.6,,1.2,,,dead,4
MC2,WS,86,3.4,,4.8,,1.8,,,dead,4
MC2,WS,88,1.1,1.2,2.5,,0.55,,,,1
MC2,WS,89,1.9,2.1,4.3,,0.95,,,,1
MC2,WS,90,2.4,2.9,4.4,,1.4,,,,1
MC2,WS,91,1.4,1.3,3.5,,1.3,,,,1
MC2,WS,93,0.6,,2.4,,1,,,dead,4
MC2,WS,98,1.3,1.5,3.4,14.3,0.87,6.8,,,1
MC2,WS,99,1.5,1.6,3.7,,0.85,,,,1
MC2,WS,100,1.2,1.5,3.4,14.4,0.77,9.7,,,1
MC2,WS,100,0.8,,2.2,,0.66,,,dead,4
MC2,WS,112,,4.4,,,,,,,10
MC2,WS,120,,2.4,,,,,,,10
MC2,WS,164,,1.9,,,,,,,10
MC2,WS,168,,2,,,,,,,10
MC2,WS,171,,2.3,,,,,,,10
MC2,WS,183,,3.5,,,,,,,10
MC3,AB,1034,,2,,,,,,,10
MC3,AB,1035,,4.5,,,,,,,10
MC3,AB,1036,,2.3,,,,,,,10
MC3,AB,1047,,3.4,,,,,,,10
MC3,AB,1049,,2,,,,,,,10
MC3,AB,1051,,2.1,,,,,,,10
MC3,AB,1056,,4,,,,,,,10
MC3,AB,1057,,3.1,,,,,,,10
MC3,BF,2,2.3,2.6,5,,3.3,,,,1
MC3,BF,3,4.9,5.8,7.8,,3.7,,,,1
MC3,BF,4,4.7,,10.3,,5.6,,,dead,4
MC3,BF,5,5.2,4,9,,4.2,,,,1
MC3,BF,7,0,,,,,,,dead,4
MC3,BF,8,3.1,3.7,7.3,,2.3,,,,1
MC3,BF,9,1.8,1.8,4.9,,2.8,,,,1
MC3,BF,10,4,4.4,7.8,,4.6,,,,1
MC3,BF,13,3.4,3.8,8.2,,2.6,,,,1
MC3,BF,15,4.1,4.9,9.3,,2.6,,,,1
MC3,BF,20,4.8,4.9,7.3,,3.9,,,,1
MC3,BF,24,4.9,5.4,9.8,,3.6,,,,1
MC3,BF,25,4,4.9,8.3,,2.5,,,,1
MC3,BF,33,3.3,4,7,,1.8,,,,1
MC3,BF,34,4.3,4.8,6.1,,3.8,,,,1
MC3,BF,38,5.6,6.9,8.4,,1.7,,,,1
MC3,BF,42,3.4,3.8,7.5,,1,,,,1
MC3,BF,43,5.9,6.5,9,,2,,,,1
MC3,BF,44,3.1,3.7,6.7,,1.7,,,,1
MC3,BF,46,5.6,7,8.4,,1.9,,,,1
MC3,BF,52,3.9,4.3,7.8,,3,,,,1
MC3,BF,57,3,3.7,6.7,,1.6,,,,1
MC3,BF,60,4.2,5.5,7.1,,2.5,,,,1
MC3,BF,62,3.5,4,7.8,,2.9,,,,1
MC3,BF,63,6.2,6.8,9.3,,4.2,,,,1
MC3,BF,64,5.5,6.4,9.8,,3.9,,,,1
MC3,BF,65,3,,8.5,,3.6,,,dead,4
MC3,BF,67,5.4,6.5,8.7,,4.6,,,,1
MC3,BF,73,4.8,5.9,9.9,,3.4,,,,1
MC3,BF,75,5.6,5.8,8.4,,3.6,,,,1
MC3,BF,77,4.3,5.3,6.4,,2.5,,,,1
MC3,BF,81,3,3.6,4.9,,2.4,,,,1
MC3,BF,82,2.8,3.5,5.1,,2.6,,,,1
MC3,BF,83,4.1,4.6,5.9,,2.2,,,,1
MC3,BF,84,3.3,4.2,7.6,,1.9,,,,1
MC3,BF,85,3,3.3,5.3,,3.4,,,,1
MC3,BF,91,3.3,4.1,6.7,,1.7,,,,1
MC3,BF,93,2,2.2,4.8,,1.7,,,,1
MC3,BF,97,5.2,6.5,9.2,,2.6,,,,1
MC3,BF,1026,,3.6,,,,,,,10
MC3,BF,1027,,1.5,,,,,,,10
MC3,BF,1029,,3.8,,,,,,,10
MC3,BF,1040,,2.3,,,,,,,10
MC3,BF,1042,,1.5,,,,,,,10
MC3,BF,1043,,3.3,,,,,,,10
MC3,BF,1044,,2.6,,,,,,,10
MC3,BF,1048,,2.8,,,,,,,10
MC3,BF,1060,,3.2,,,,,,,10
MC3,BF,1061,,1.6,,,,,,,10
MC3,BF,1067,,3.2,,,,,,,10
MC3,BF,1068,,1.7,,,,,,,10
MC3,BT,1037,,3.3,,,,,,,10
MC3,BT,1039,,5,,,,,,,10
MC3,BT,1053,,4.4,,,,,,,10
MC3,BT,1054,,1.9,,,,,,,10
MC3,BT,1058,,6.5,,,,,,,10
MC3,BT,1059,,1.8,,,,,,,10
MC3,BT,1063,,1.8,,,,,,,10
MC3,PB,1032,,1.8,,,,,,,10
MC3,RM,1028,,1.6,,,,,,,10
MC3,RM,1031,,2.9,,,,,,,10
MC3,RO,1030,,2.6,,,,,,,10
MC3,RO,1041,,2.7,,,,,,,10
MC3,RO,1046,,1.9,,,,,,,10
MC3,RO,1052,,4.2,,,,,,,10
MC3,RO,1055,,5,,,,,,,10
MC3,RO,1062,,2.2,,,,,,,10
MC3,RO,1066,,1.7,,,,,,,10
MC3,RS,6,2.8,3.1,7.2,,2.9,,,,1
MC3,RS,49,3.8,5.3,6.3,,1.8,,,,1
MC3,WP,17,9.2,10.8,8.9,,418,,,,1
MC3,WP,21,4.4,6.7,6.2,,1.9,,,,1
MC3,WP,74,4,5.3,9,,3,,,,1
MC3,WP,76,3.1,3.4,6,,3.7,,,,1
MC3,WP,80,4.5,6.2,5.2,,1.8,,,,1
MC3,WP,86,4.4,5.4,7.2,,3,,,,1
MC3,WP,89,2.6,3.1,4.8,,1.9,,,,1
MC3,WP,94,2.8,4.1,7.2,,3,,,,1
MC3,WP,95,4.6,6.3,7.2,,3.1,,,,1
MC3,WP,1033,,4.8,,,,,,,10
MC3,WP,1038,,7.7,,,,,,,10
MC3,WP,1045,,1.5,,,,,,,10
MC3,WS,1,1.9,1.9,3.7,14.1,0.6,6.2,,,1
MC3,WS,11,1.4,1.5,3.1,,0.7,,,,1
MC3,WS,12,1.3,,3.6,,1.0.,,,dead,4
MC3,WS,14,0,,,,,,,dead,4
MC3,WS,16,1.1,,3.1,,1.1,,,dead,4
MC3,WS,18,0.7,,2.2,,1,,,dead,4
MC3,WS,19,0.3,,1.75,,0.73,,,dead,4
MC3,WS,22,1.3,1.4,3.2,,1.6,,,,1
MC3,WS,23,0.9,,2.8,,1.1,,,dead,4
MC3,WS,26,0,,,,,,,dead,4
MC3,WS,27,0.6,,2,,0.8,,,dead,4
MC3,WS,28,0.8,,2.6,,1.2,,,dead,4
MC3,WS,29,1,1.1,2.6,8.1,1.2,3.5,,,1
MC3,WS,30,5.2,5.8,8.2,36.7,3.3,21.9,,,1
MC3,WS,31,1.6,1.7,3.1,,1,,,,1
MC3,WS,32,1.5,1.4,3.4,12.7,1.2,10.3,,,1
MC3,WS,35,4.3,5,5.9,,1.9,,,,1
MC3,WS,36,1.1,1.2,2.4,,1.2,,,,1
MC3,WS,37,3.1,3.1,5.1,,1.4,,,,1
MC3,WS,39,1.1,1.1,2.5,,1,,,,1
MC3,WS,40,2.2,2.5,4.6,,1.2,,,,1
MC3,WS,41,1.5,1.6,3.2,,0.8,,,,1
MC3,WS,45,1.3,1.2,2.8,,1,,,,1
MC3,WS,47,1.3,,3,,0.8,,,dead,4
MC3,WS,48,1.9,2.2,3.4,,0.8,,,,1
MC3,WS,50,1.3,1.5,3,,0.6,,,,1
MC3,WS,51,1.4,1.9,3.3,,1.3,,,,1
MC3,WS,53,0.6,,1.9,,0.8,,,dead,4
MC3,WS,54,0.6,,1.45,,0.8,,,dead,4
MC3,WS,55,1.1,1.1,2.5,7.2,0.8,3,,,1
MC3,WS,56,1.4,,3.8,,1.4,,,dead,4
MC3,WS,58,1.2,1.3,2.6,,0.8,,,,1
MC3,WS,59,1.9,2.2,3.9,,1.5,,,,1
MC3,WS,61,0.5,,1.9,,0.6,,,dead,4
MC3,WS,66,0.6,,1.9,,0.7,,,dead,4
MC3,WS,68,1.8,1.8,3.9,16.1,1.4,11.6,,,1
MC3,WS,69,2.1,2.4,4.3,,0.9,,,,1
MC3,WS,70,1.8,2,4,,1.4,,,,1
MC3,WS,71,1.2,1.3,3.2,,0.7,,,,1
MC3,WS,72,0.6,,1.7,,0.6,,,dead,4
MC3,WS,78,3.9,4.1,5.4,,2.3,,,,1
MC3,WS,79,1.6,,3.3,,1,,,dead,4
MC3,WS,87,0,,,,,,,dead,4
MC3,WS,88,3.3,3.5,4.1,16.7,2.4,8.7,,,1
MC3,WS,90,2.1,2.4,3.8,15.4,0.9,9,,,1
MC3,WS,92,1.6,1.8,3.6,,1,,,,1
MC3,WS,96,1.6,1.6,4.3,17.7,2.3,12.7,,,1
MC3,WS,98,1.6,2,3.8,17,0.9,6.8,,,1
MC3,WS,99,1.8,1.8,4.1,,0.3,,,,1
MC3,WS,100,2.2,2.5,4.4,,1,,,,1
MC3,WS,1064,,2.1,,,,,,,10
MC3,WS,1065,,2.4,,,,,,,10
MC4,AB,23,,1.7,,,,,,,10
MC4,AB,36,,2.4,,,,,,,10
MC4,AB,37,,2.3,,,,,,,10
MC4,AB,55,,4.7,,,,,,,10
MC4,AB,79,,1.6,,,,,,,10
MC4,AB,83,,3.1,,,,,,,10
MC4,AB,84,,2,,,,,,,10
MC4,AB,86,,3.4,,,,,,,10
MC4,BC,54,,2.1,,,,,,,10
MC4,BC,85,,1.5,,,,,,,10
MC4,BF,2,3.3,4.6,6.5,,0.38,,,,1
MC4,BF,3,3.3,4.4,6.6,,2,,,,1
MC4,BF,4,0.9,,3.2,,1.9,,,dead,4
MC4,BF,5,2.6,,6.8,,2.4,,,dead,4
MC4,BF,6,4.7,,9,,1.6,,,dead,4
MC4,BF,8,3.7,5.3,6.9,,0.55,,,,1
MC4,BF,13,3.9,4.7,7.3,,2.2,,,,1
MC4,BF,14,5.2,6.1,11,,3.6,,,,1
MC4,BF,15,4.4,5,9.3,,2.9,,,,1
MC4,BF,23,4,5,8.1,,2.5,,,,1
MC4,BF,24,2.3,2.5,5,,3,,,,1
MC4,BF,25,3.8,,8,,2.6,,,dead,4
MC4,BF,32,2.6,3.6,6.1,,2.6,,,,1
MC4,BF,33,,,,,,,,dead,4
MC4,BF,34,1.9,,6.6,,,,,dead,4
MC4,BF,35,3.7,4.5,8.4,,,,,,1
MC4,BF,37,4.1,5.9,7.7,,,,,,1
MC4,BF,43,3.5,4.4,7.5,,3,,,,1
MC4,BF,44,2.2,,6.2,,2.8,,,dead,4
MC4,BF,46,3.9,5,8.8,,3.4,,,,1
MC4,BF,52,3.8,4.6,7.3,,2.2,,,,1
MC4,BF,53,2,2.5,5.2,,2.8,,,,1
MC4,BF,54,2.3,2.7,5.9,,2.6,,,,1
MC4,BF,57,,,,,,,,dead,4
MC4,BF,60,5.9,6.8,9.1,,1.9,,,,1
MC4,BF,62,1.8,2.2,5.3,,2.8,,,,1
MC4,BF,63,3.2,3.5,7.5,,2.7,,,,1
MC4,BF,64,2.4,2.9,5.9,,0.94,,,,1
MC4,BF,65,,,,,,,,dead,4
MC4,BF,66,2.5,3,5.8,,2.7,,,,1
MC4,BF,72,3,3.9,6.8,,2.2,,,,1
MC4,BF,73,3.7,4.5,6,,2.1,,,,1
MC4,BF,75,2.8,3.7,7,,2.1,,,,1
MC4,BF,76,,,,,,,,dead,4
MC4,BF,77,4.7,5.4,9,,1.6,,,,1
MC4,BF,80,4.7,5.7,10.2,,1.6,,,,1
MC4,BF,81,2.9,3.8,5.4,,1.7,,,,1
MC4,BF,84,3.1,4.1,6.6,,2,,,,1
MC4,BF,85,3.3,,8.3,,2.1,,,dead,4
MC4,BF,87,2.6,3,6.9,,3.5,,,,1
MC4,BF,90,2.2,2.6,6.4,,2.5,,,,1
MC4,BF,91,3.6,,6.9,,1.6,,,dead,4
MC4,BF,94,2.7,3.4,5.6,,1.4,,,,1
MC4,BF,95,2.8,3.3,5.5,,2.4,,,,1
MC4,BF,96,2.4,3.1,6.6,,2.8,,,,1
MC4,BF,97,3.3,4.2,8.1,,2.6,,,,1
MC4,BF,100,3.5,4.5,8,,2.3,,,,1
MC4,BF,10,,1.6,,,,,,,10
MC4,BF,103,,3.7,,,,,,,10
MC4,BF,104,,4.2,,,,,,,10
MC4,BF,105,,3.5,,,,,,,10
MC4,BF,106,,2.6,,,,,,,10
MC4,BF,107,,3.8,,,,,,,10
MC4,BF,108,,3.1,,,,,,,10
MC4,BF,11,,3.1,,,,,,,10
MC4,BF,110,,3.4,,,,,,,10
MC4,BF,15,,3.5,,,,,,,10
MC4,BF,16,,2.7,,,,,,,10
MC4,BF,17,,4.1,,,,,,,10
MC4,BF,18,,3.7,,,,,,,10
MC4,BF,19,,1.5,,,,,,,10
MC4,BF,2,,4.2,,,,,,,10
MC4,BF,26,,3.3,,,,,,,10
MC4,BF,27,,3.9,,,,,,,10
MC4,BF,28,,2.7,,,,,,,10
MC4,BF,29,,2.3,,,,,,,10
MC4,BF,3,,6,,,,,,,10
MC4,BF,32,,2.9,,,,,,,10
MC4,BF,33,,3.8,,,,,,,10
MC4,BF,35,,2.2,,,,,,,10
MC4,BF,39,,3.3,,,,,,,10
MC4,BF,4,,2.4,,,,,,,10
MC4,BF,40,,2.3,,,,,,,10
MC4,BF,41,,1.8,,,,,,,10
MC4,BF,44,,2.3,,,,,,,10
MC4,BF,45,,2.7,,,,,,,10
MC4,BF,46,,3.4,,,,,,,10
MC4,BF,47,,3.2,,,,,,,10
MC4,BF,48,,5.1,,,,,,,10
MC4,BF,49,,2.8,,,,,,,10
MC4,BF,56,,4.3,,,,,,,10
MC4,BF,57,,2.6,,,,,,,10
MC4,BF,6,,1.7,,,,,,,10
MC4,BF,61,,2.7,,,,,,,10
MC4,BF,62,,3.9,,,,,,,10
MC4,BF,65,,1.8,,,,,,,10
MC4,BF,67,,3.5,,,,,,,10
MC4,BF,7,,4.5,,,,,,,10
MC4,BF,70,,2.4,,,,,,,10
MC4,BF,72,,4,,,,,,,10
MC4,BF,75,,3.4,,,,,,,10
MC4,BF,76,,1.6,,,,,,,10
MC4,BF,77,,2.9,,,,,,,10
MC4,BF,78,,1.7,,,,,,,10
MC4,BF,8,,4.7,,,,,,,10
MC4,BF,80,,3.8,,,,,,,10
MC4,BF,81,,1.5,,,,,,,10
MC4,BF,82,,2,,,,,,,10
MC4,BF,87,,5.4,,,,,,,10
MC4,BF,89,,2.6,,,,,,,10
MC4,BF,9,,2.9,,,,,,,10
MC4,BF,90,,2.5,,,,,,,10
MC4,BF,91,,2.8,,,,,,,10
MC4,BT,100,,5.4,,,,,,,10
MC4,BT,101,,2.4,,,,,,,10
MC4,BT,34,,5.2,,,,,,,10
MC4,BT,42,,3.6,,,,,,,10
MC4,BT,59,,2,,,,,,,10
MC4,BT,60,,3.8,,,,,,,10
MC4,BT,63,,1.9,,,,,,,10
MC4,BT,64,,2,,,,,,,10
MC4,BT,66,,2.1,,,,,,,10
MC4,BT,68,,3.7,,,,,,,10
MC4,BT,69,,3.3,,,,,,,10
MC4,BT,71,,4.2,,,,,,,10
MC4,BT,73,,8.6,,,,,,,10
MC4,BT,74,,3.5,,,,,,,10
MC4,BT,88,,6.2,,,,,,,10
MC4,BT,92,,5.7,,,,,,,10
MC4,BT,93,,4,,,,,,,10
MC4,BT,97,,5.1,,,,,,,10
MC4,BT,98,,3.1,,,,,,,10
MC4,BT,99,,3,,,,,,,10
MC4,GB,43,,3.6,,,,,,,10
MC4,NS,31,3.7,4.7,6.3,,0.72,,,,1
MC4,RM,20,,2,,,,,,,10
MC4,RM,50,,3.7,,,,,,,10
MC4,RM,51,,2.1,,,,,,,10
MC4,RM,52,,1.8,,,,,,,10
MC4,RM,53,,2.8,,,,,,,10
MC4,RM,94,,1.7,,,,,,,10
MC4,RM,95,,1.7,,,,,,,10
MC4,RM,96,,1.8,,,,,,,10
MC4,RO,1,,2,,,,,,,10
MC4,RO,102,,2.1,,,,,,,10
MC4,RO,38,,1.7,,,,,,,10
MC4,RS,42,2.5,3.1,4.3,,0.72,,,,1
MC4,WP,38,3.4,5.9,5.9,,,,,,1
MC4,WP,45,3.6,5,7.5,,3.7,,,,1
MC4,WP,55,3.8,5.3,8,,2.7,,,,1
MC4,WP,67,6.2,8.7,7.8,,2.3,,,,1
MC4,WP,86,3.4,4.8,7.5,,3,,,,1
MC4,WP,109,,2.5,,,,,,,10
MC4,WP,22,,5,,,,,,,10
MC4,WP,25,,2.1,,,,,,,10
MC4,WP,30,,3.1,,,,,,,10
MC4,WP,31,,4.8,,,,,,,10
MC4,WP,58,,2.7,,,,,,,10
MC4,WS,1,1.9,2.3,4.5,,1.1,,,,1
MC4,WS,7,1.5,1.8,3.1,,0.1,,,,1
MC4,WS,9,1.5,1.9,3.3,,1.3,,,,1
MC4,WS,10,1.8,2.5,4.2,21.1,0.67,12.5,,,1
MC4,WS,11,1.7,2.2,3.3,15.6,1.1,7.2,,,1
MC4,WS,12,1.5,1.9,3.4,,1.1,,,,1
MC4,WS,16,1.4,2,3.1,,0.7,,,,1
MC4,WS,17,2.3,3.1,4.4,,1.5,,,,1
MC4,WS,18,2.5,3.5,4.7,24.9,0.61,12.5,,,1
MC4,WS,19,2.4,3.5,4.6,,0.64,,,,1
MC4,WS,20,2.3,3.1,3.7,,0.66,,,,1
MC4,WS,22,1.8,1.9,3.7,14.6,1.1,7.5,,,1
MC4,WS,27,1.5,2.1,3,,0.6,,,,1
MC4,WS,27,1.5,,3.4,,0.65,,,dead,4
MC4,WS,28,2.2,2.9,3.6,,0.75,,,,1
MC4,WS,28,1.9,,3.7,,0.66,,,dead,4
MC4,WS,29,1.9,2.5,3.6,,0.8,,,,1
MC4,WS,30,2.2,2.8,3.9,,0.57,,,,1
MC4,WS,30,1.7,1.8,3.3,,0.9,,,,1
MC4,WS,36,1.5,1.4,3.6,,,,,,1
MC4,WS,39,2.9,4,4.9,,0.55,,,,1
MC4,WS,40,2.7,3.2,5.6,,1.8,,,,1
MC4,WS,41,2.2,2.7,4.1,19.2,0.64,9,,,1
MC4,WS,47,1.3,,3.1,,0.96,,,dead,4
MC4,WS,48,2.3,2.5,4.9,,0.7,,,,1
MC4,WS,49,1.9,2,3.6,,0.76,,,,1
MC4,WS,50,2.1,2.3,4.9,,0.68,,,,1
MC4,WS,51,1.7,2.1,4.3,,0.64,,,,1
MC4,WS,56,1.3,,2.9,,1.1,,,dead,4
MC4,WS,58,2.4,2.8,4.9,,2.1,,,,1
MC4,WS,59,1.8,2.1,3.7,,0.68,,,,1
MC4,WS,61,0.9,0.8,2.4,8.2,0.68,5.1,,,1
MC4,WS,68,1.7,2.2,4.8,21.3,0.45,20,,,1
MC4,WS,69,1.7,2.1,3,14.1,0.42,5.6,,,1
MC4,WS,70,1.7,1.8,4.1,,0.74,,,,1
MC4,WS,71,1.2,1.1,2.9,,0.78,,,,1
MC4,WS,74,1.1,1.2,4,,1.4,,,,1
MC4,WS,78,1.1,1.1,2.3,,0.55,,,,1
MC4,WS,79,1.4,1.8,3.5,,0.77,,,,1
MC4,WS,82,1.6,1.8,3.8,,0.87,,,,1
MC4,WS,83,1.5,1.7,3.7,14.8,0.7,6.4,,,1
MC4,WS,88,0.9,1.1,2.1,,0.5,,,,1
MC4,WS,89,2.2,2.5,3.8,12.3,1.2,7.5,,,1
MC4,WS,92,1.8,2.4,3.7,,0.66,,,,1
MC4,WS,93,2.3,3.6,4.7,,0.64,,,,1
MC4,WS,98,1.5,1.5,3,,0.66,,,,1
MC4,WS,99,1.8,2,4.4,,0.71,,,,1
MC4,WS,12,,3.1,,,,,,,10
MC4,WS,13,,1.8,,,,,,,10
MC4,WS,14,,2,,,,,,,10
MC4,WS,21,,2.5,,,,,,,10
MC4,WS,24,,3.1,,,,,,,10
MC4,WS,5,,4.3,,,,,,,10